year,month,order_id,line_count,line_no,internal_sku,fin_code,qty_sold,recv_customer,recv_platform,extra_charge,fee_platform_comm,fee_affiliate,fee_other,net_received,platform,row_key,row_hash
2024.00,10.00,"3730307475717108736",0.00,0.00,"Z1999-灰色-S","Z1999-灰色-S",1.00,189.00,0.00,0.00,1.89,0.00,2.75,184.36,"wechat_video","wechat_video:3730307475717108736:Z1999-灰色-S:0","65bfeafb281c4bb59a3adb6d16feb0e843e483ed76c90efa0fe0c60a84f52187"
2024.00,10.00,"3730281331099316480",0.00,0.00,"Z2278-黑色-S","Z2278-黑色-S",1.00,229.00,0.00,0.00,11.45,0.00,2.80,214.75,"wechat_video","wechat_video:3730281331099316480:Z2278-黑色-S:0","058db313ec0c58557787635935d5d81ce2465a85840531897f881d801dae0c31"
2024.00,10.00,"3730273990505276928",0.00,0.00,"Z1628-灰色-S","Z1628-灰色-S",1.00,199.00,0.00,0.00,9.95,0.00,2.80,186.25,"wechat_video","wechat_video:3730273990505276928:Z1628-灰色-S:0","da5bac8637531150405c4ca618a4585997a26f463500ae213fa2662e1aace808"
2024.00,10.00,"3730254008134022656",0.00,0.00,"Z2233-黄绿色-M","Z2233-黄绿色-M",1.00,269.00,0.00,0.00,13.45,0.00,1.50,254.05,"wechat_video","wechat_video:3730254008134022656:Z2233-黄绿色-M:0","0d547613435211d3bfa56ec26587e12edc399dfe012d48e714b71883f8239904"
2024.00,10.00,"3730235547935972864",0.00,0.00,"P132-黑色","P132-黑色",1.00,399.00,0.00,0.00,3.99,0.00,0.93,394.08,"wechat_video","wechat_video:3730235547935972864:P132-黑色:0","fef86882e518be6142cf7ebee4e84901ccae6187b0cad8b97cce17b2f43fc728"
2024.00,10.00,"3730231575967047936",0.00,0.00,"Z2079-粉色-S","Z2079-粉色-S",1.00,309.00,0.00,0.00,2.99,0.00,1.50,304.51,"wechat_video","wechat_video:3730231575967047936:Z2079-粉色-S:0","b019fc5152568b2457d5f3d27c70b698c3f7a66bb58f228df5357c5f0b623307"
2024.00,10.00,"3730211654560522496",0.00,0.00,"Z2274-花色-L","Z2274-花色-L",1.00,369.00,0.00,0.00,18.45,0.00,1.50,349.05,"wechat_video","wechat_video:3730211654560522496:Z2274-花色-L:0","a86a045be465983cdc4fdd0b9c16bae43ee409fe046ccdc602a59b19b4d24033"
2024.00,10.00,"3730207965308395264",0.00,0.00,"Z657-灰色-M","Z657-灰色-M",1.00,119.00,0.00,0.00,5.95,0.00,1.50,111.55,"wechat_video","wechat_video:3730207965308395264:Z657-灰色-M:0","40a252f6d49875ed94735fb10c718d16bb2ecb3dac85ea67e3d4fd3ef9b61681"
2024.00,10.00,"3730196197338651648",0.00,0.00,"Z579-黑色-M","Z579-黑色-M",1.00,339.00,0.00,0.00,16.95,0.00,1.50,320.55,"wechat_video","wechat_video:3730196197338651648:Z579-黑色-M:0","dfc0a029714b6eb1a0368d758e262aea95e4e5d4f450f5b5cd33a598fcb3be03"
2024.00,10.00,"3730189196379961344",0.00,0.00,"Z1645-黑色-M","Z1645-黑色-M",1.00,189.00,0.00,0.00,9.45,0.00,1.50,178.05,"wechat_video","wechat_video:3730189196379961344:Z1645-黑色-M:0","86f1eddfaa40ac08ef317b384ba08cbc5281d37c79a1294451fdf7945b6e8b28"
2024.00,10.00,"3730175097836805888",0.00,0.00,"Z507-黑色-L","Z507-黑色-L",1.00,89.90,0.00,0.00,4.49,0.00,1.50,83.91,"wechat_video","wechat_video:3730175097836805888:Z507-黑色-L:0","4a28ce9995bddba1734a3fa3ddfa89cf7e29bfec198f3afa9e12df799837575e"
2024.00,10.00,"3730175088769246464",0.00,0.00,"Z507-黑色-M","Z507-黑色-M",1.00,89.90,0.00,0.00,4.49,0.00,1.50,83.91,"wechat_video","wechat_video:3730175088769246464:Z507-黑色-M:0","83c82f0014490514f73bdeb0fe43161a239d542a6e6e76e9dd3891c278753fe6"
2024.00,10.00,"3730175082753832192",0.00,0.00,"Z507-黑色-L","Z507-黑色-L",1.00,89.90,0.00,0.00,4.49,0.00,1.50,83.91,"wechat_video","wechat_video:3730175082753832192:Z507-黑色-L:0","f6a0008b2610a48f49c0ba2e0a467b9addd3e965d4713e5c41a1a895734b2655"
2024.00,10.00,"3730174667981463808",0.00,0.00,"Z1645-黑色-M","Z1645-黑色-M",1.00,189.00,0.00,0.00,9.45,0.00,1.50,178.05,"wechat_video","wechat_video:3730174667981463808:Z1645-黑色-M:0","d46b2974907d4ce5a909e663086e229bc0246a12cb10d694096a71682c4b85fe"
2024.00,10.00,"3730173914101456640",0.00,0.00,"Z1645-黑色-S","Z1645-黑色-S",1.00,189.00,0.00,0.00,9.45,0.00,1.50,178.05,"wechat_video","wechat_video:3730173914101456640:Z1645-黑色-S:0","3805aabcd8b02ff1968fb6be2f3e38f922f09c59e2f212defd9000974269c53a"
2024.00,10.00,"3730173860373734912",0.00,0.00,"Z1645-黑色-M","Z1645-黑色-M",1.00,189.00,0.00,0.00,9.45,0.00,1.50,178.05,"wechat_video","wechat_video:3730173860373734912:Z1645-黑色-M:0","f967c9d992c8478ac6def8aff3d17dd3b14994eddb8377d4a42ecf7e95f56193"
2024.00,10.00,"3730173002979096064",0.00,0.00,"Z1576-黑色-L","Z1576-黑色-L",1.00,199.00,0.00,0.00,9.95,0.00,1.50,187.55,"wechat_video","wechat_video:3730173002979096064:Z1576-黑色-L:0","755dbff5f721e7bec423d597a83a2d034adc9c383336f4303939812066e1170b"
2024.00,10.00,"3730171810942688256",0.00,0.00,"Z1581-黑色-M","Z1581-黑色-M",1.00,289.00,0.00,0.00,14.45,0.00,1.50,273.05,"wechat_video","wechat_video:3730171810942688256:Z1581-黑色-M:0","5e2e668a6c74275b8ffe9a504fb1df1194207dc1c2b7822367041ee016414979"
2024.00,10.00,"3730170939485856512",0.00,0.00,"Z1581-黑色-M","Z1581-黑色-M",1.00,289.00,0.00,0.00,14.45,0.00,1.50,273.05,"wechat_video","wechat_video:3730170939485856512:Z1581-黑色-M:0","5150777018d8c635d071c20a40dc4aabb4f931d952cfcc4e812d83f399423436"
2024.00,10.00,"3730170301391184128",0.00,0.00,"Z1581-黑色-S","Z1581-黑色-S",1.00,289.00,0.00,0.00,14.45,0.00,1.50,273.05,"wechat_video","wechat_video:3730170301391184128:Z1581-黑色-S:0","45382e139a8dec52855c2a2a987d4b6bf4da495c1401a1382e8962c219803489"
2024.00,10.00,"3730169680180688896",0.00,0.00,"Z1645-黑色-M","Z1645-黑色-M",1.00,189.00,0.00,0.00,9.45,0.00,1.50,178.05,"wechat_video","wechat_video:3730169680180688896:Z1645-黑色-M:0","58fe6755ca5c9d6784a7b576204864035262d9ed633209bf37ce749e7f2a4f45"
2024.00,10.00,"3730169659386639104",0.00,0.00,"Z1576-黑色-M","Z1576-黑色-M",1.00,199.00,0.00,0.00,9.95,0.00,1.50,187.55,"wechat_video","wechat_video:3730169659386639104:Z1576-黑色-M:0","b3e10a1080c79401054a12a8a0127ba82cb98fb1136b02d2a9f73ed088ae15cb"
2024.00,10.00,"3730169073287181056",0.00,0.00,"Z925-人字纹-M","Z925-人字纹-M",1.00,169.00,0.00,0.00,1.69,0.00,1.50,165.81,"wechat_video","wechat_video:3730169073287181056:Z925-人字纹-M:0","2686bb29b7abd4d3d240669ae43f362073ac0b7c989470d4096169b8e7c52ed9"
2024.00,10.00,"3730168822346430464",0.00,0.00,"Z1581-黑色-M","Z1581-黑色-M",1.00,289.00,0.00,0.00,14.45,0.00,1.50,273.05,"wechat_video","wechat_video:3730168822346430464:Z1581-黑色-M:0","9fab88d6a640dcab23ecdef9470f9239f6827312000309e7d28a7ffdb8c2331d"
2024.00,10.00,"3730165534436501504",0.00,0.00,"Z2271-条纹-S","Z2271-条纹-S",1.00,289.00,0.00,0.00,14.45,0.00,1.50,273.05,"wechat_video","wechat_video:3730165534436501504:Z2271-条纹-S:0","e2e170231014986e45f9131da1b928df7a68fa8477a52987823c71d824a9437c"
2024.00,10.00,"3730164457694176000",0.00,0.00,"Z657-黑色-M","Z657-黑色-M",1.00,119.00,0.00,0.00,1.19,0.00,1.50,116.31,"wechat_video","wechat_video:3730164457694176000:Z657-黑色-M:0","1db6c2daeb1c0b5868cbe3198c5a7a679dbf7af7530dac2216ee300ec5201b12"
2024.00,10.00,"3730130842699576576",0.00,0.00,"Z1682-浅卡其色-M","Z1682-浅卡其色-M",1.00,609.00,0.00,0.00,29.95,0.00,1.50,577.55,"wechat_video","wechat_video:3730130842699576576:Z1682-浅卡其色-M:0","5b59cfdfd26d8ba97347c48decd6acd725b8ce66285b2d9a89bac6bde3af198f"
2024.00,10.00,"3730123218604137728",0.00,0.00,"P127-银色","P127-银色",1.00,189.00,0.00,0.00,1.79,0.00,1.98,185.23,"wechat_video","wechat_video:3730123218604137728:P127-银色:0","8199b7027566e494776bb35bf22c0e267ffa579a3c1b4aaa7a51186dfc9361a2"
2024.00,10.00,"3730107174167911936",0.00,0.00,"Z1578-黑色-M","Z1578-黑色-M",1.00,289.00,0.00,0.00,14.45,0.00,1.50,273.05,"wechat_video","wechat_video:3730107174167911936:Z1578-黑色-M:0","474bd025c5ea0eac06188b14dfb87c8d85d9cb54a45c4147430fd0c16d172595"
2024.00,10.00,"3730105709203170816",0.00,0.00,"Z1581-黑色-M","Z1581-黑色-M",1.00,289.00,0.00,0.00,14.45,0.00,1.50,273.05,"wechat_video","wechat_video:3730105709203170816:Z1581-黑色-M:0","6c1e798de7785fae3325773338312e25e1ed12f7a58df4e137202a8b0a772bd2"
2024.00,10.00,"3730105715613119232",0.00,0.00,"Z2183-黑色-XL","Z2183-黑色-XL",1.00,129.00,0.00,0.00,6.45,0.00,1.50,121.05,"wechat_video","wechat_video:3730105715613119232:Z2183-黑色-XL:0","f498e6fecc73545a15443a1d0ac35772de38529ec065d0328bfe7e049bdb5dfa"
2024.00,10.00,"3730103354326398720",0.00,0.00,"Z2347-深灰色-L","Z2347-深灰色-L",1.00,359.00,0.00,0.00,17.95,0.00,1.50,339.55,"wechat_video","wechat_video:3730103354326398720:Z2347-深灰色-L:0","cadb684c8dfa660634a979c06387795b31ff4bdda8e0ffe5732a0d83a09bfa15"
2024.00,10.00,"3730103306058609920",0.00,0.00,"Z1555-红色-S","Z1555-红色-S",1.00,339.00,0.00,0.00,16.95,0.00,1.50,320.55,"wechat_video","wechat_video:3730103306058609920:Z1555-红色-S:0","fc3049dda3942b21d3e67759307b46c5f719db0d2094c566a989285a9508739f"
2024.00,10.00,"3730103285990170880",0.00,0.00,"Z1576-黑色-L","Z1576-黑色-L",1.00,199.00,0.00,0.00,9.95,0.00,1.50,187.55,"wechat_video","wechat_video:3730103285990170880:Z1576-黑色-L:0","06a9f1a0b90b97d66f90c4576bf55b16130a44a1e9a5583c536cb85a8043e389"
2024.00,10.00,"3730103194157194752",0.00,0.00,"Z1576-黑色-L","Z1576-黑色-L",1.00,199.00,0.00,0.00,9.95,0.00,1.50,187.55,"wechat_video","wechat_video:3730103194157194752:Z1576-黑色-L:0","de30ce9567264d2d727b09653992bf00e8f3585f34670985290f57d722571e46"
2024.00,10.00,"3730101572153777408",0.00,0.00,"P139-黑色-37","P139-黑色-37",1.00,519.00,0.00,0.00,25.95,0.00,1.64,491.41,"wechat_video","wechat_video:3730101572153777408:P139-黑色-37:0","a9c7e25bbc6097e6134fc23339ae086c8c9983593e7cedd85653e2570ebfa224"
2024.00,10.00,"3730100686145068032",0.00,0.00,"Z1581-白色-M","Z1581-白色-M",1.00,289.00,0.00,0.00,14.45,0.00,1.50,273.05,"wechat_video","wechat_video:3730100686145068032:Z1581-白色-M:0","671531751a1ef9522017ece9a5ebd4ce962880826c1957f2c203e7da340fcf79"
2024.00,10.00,"3730100611626966016",0.00,0.00,"Z1576-黑色-L","Z1576-黑色-L",1.00,199.00,0.00,0.00,9.95,0.00,1.50,187.55,"wechat_video","wechat_video:3730100611626966016:Z1576-黑色-L:0","959c6ffaaa067c61c3786732d0518ec9e9a2807d506ebc3b5cc53a784b1fb27c"
2024.00,10.00,"3730099423499662080",0.00,0.00,"Z1581-黑色-M","Z1581-黑色-M",2.00,578.00,0.00,0.00,28.90,0.00,1.50,547.60,"wechat_video","wechat_video:3730099423499662080:Z1581-黑色-M:0","6e514b5520776e5e1b46dac3d4f74e157895943bba5719a9b1949230c143541e"
2024.00,10.00,"3730093396162389248",0.00,0.00,"Z2290-藏青色-S","Z2290-藏青色-S",1.00,339.00,0.00,0.00,16.95,0.00,1.50,320.55,"wechat_video","wechat_video:3730093396162389248:Z2290-藏青色-S:0","9bffaaa1ed26e3e34266e30341ad6ccaf59f7554aa354505e0bd6ddb085a3c80"
2024.00,10.00,"3730081942718785024",0.00,0.00,"Z2006-黑色-L","Z2006-黑色-L",1.00,139.00,0.00,0.00,1.39,0.00,1.50,136.11,"wechat_video","wechat_video:3730081942718785024:Z2006-黑色-L:0","241a314647407b6d8422c948b4cc566076952be8709750f258afb1a6b74c097f"
2024.00,10.00,"3730069770365449472",0.00,0.00,"Z2320-绿色-M","Z2320-绿色-M",1.00,299.00,0.00,0.00,2.99,0.00,1.50,294.51,"wechat_video","wechat_video:3730069770365449472:Z2320-绿色-M:0","80d5d6dce9bcdb8cf8cc05e2179b6e120153af8cda3849826962f0a2e5a1ffb5"
2024.00,10.00,"3730053825026728704",0.00,0.00,"Z1581-白色-M","Z1581-白色-M",1.00,588.00,0.00,0.00,14.45,0.00,1.50,572.05,"wechat_video","wechat_video:3730053825026728704:Z1581-白色-M:0","5b43cd0e41c15f6f69aa3ba0ff8b745ebdd8d0b7d0e5750bf1e7f4866fff90b5"
2024.00,10.00,"3730046305697406208",0.00,0.00,"Z2183-黑色-XL","Z2183-黑色-XL",1.00,129.00,0.00,0.00,1.29,0.00,1.50,126.21,"wechat_video","wechat_video:3730046305697406208:Z2183-黑色-XL:0","9891d1422132900904605d0bfb3aadc3703f79c452426fb2449a389d440f9cad"
2024.00,10.00,"3730038407463837952",0.00,0.00,"Z1913-黑色-S","Z1913-黑色-S",1.00,299.00,0.00,0.00,14.95,0.00,1.50,282.55,"wechat_video","wechat_video:3730038407463837952:Z1913-黑色-S:0","8fc20c64ac8a777f02a3dc659189d3f489a96ac6138a2ba4681cf4eee7d6809a"
2024.00,10.00,"3730033636431508992",0.00,0.00,"Z1645-黑色-L","Z1645-黑色-L",1.00,189.00,0.00,0.00,9.45,0.00,1.50,178.05,"wechat_video","wechat_video:3730033636431508992:Z1645-黑色-L:0","10f08049fb88ffc5773d894399bfb4cd19a7b5a58b5d8da1bde88a74abc2b2f1"
2024.00,10.00,"3730031473571011072",0.00,0.00,"Z1645-黑色-S","Z1645-黑色-S",1.00,189.00,0.00,0.00,1.89,0.00,1.50,185.61,"wechat_video","wechat_video:3730031473571011072:Z1645-黑色-S:0","a6815f9c9030edb6de81744130384c87bc761a51bd8c790e6a5d36e0bc67308f"
2024.00,10.00,"3730031110743012864",0.00,0.00,"Z1576-黑色-M","Z1576-黑色-M",1.00,199.00,0.00,0.00,9.95,0.00,1.50,187.55,"wechat_video","wechat_video:3730031110743012864:Z1576-黑色-M:0","fabbb19c264426e93389ed3d622fbcd0884667e96e1c743c328b6ea957e99558"
2024.00,10.00,"3730029474336093696",0.00,0.00,"Z1645-黑色-M","Z1645-黑色-M",1.00,189.00,0.00,0.00,1.89,0.00,1.50,185.61,"wechat_video","wechat_video:3730029474336093696:Z1645-黑色-M:0","ea6f22a82142da4c55d7daf6dabe49b22afc2e20b699f9d15957efa61b1d55ce"
2024.00,10.00,"3730028515566434304",0.00,0.00,"Z1578-黑色-S","Z1578-黑色-S",1.00,289.00,0.00,0.00,14.45,0.00,1.50,273.05,"wechat_video","wechat_video:3730028515566434304:Z1578-黑色-S:0","542631835864fc8a83e9cf25f5a2bbb297e1e205ac704b5998a27950df0f33b6"
2024.00,10.00,"3730026656676329472",0.00,0.00,"Z2271-条纹-S","Z2271-条纹-S",1.00,289.00,0.00,0.00,14.45,0.00,1.50,273.05,"wechat_video","wechat_video:3730026656676329472:Z2271-条纹-S:0","b18a53edd11e08159eee323d37bef9658761eb6ccf01a18564cdac0696b72b99"
2024.00,10.00,"3730026504921429504",0.00,0.00,"Z1038-黑色-L","Z1038-黑色-L",1.00,289.00,0.00,0.00,14.45,0.00,1.50,273.05,"wechat_video","wechat_video:3730026504921429504:Z1038-黑色-L:0","8cfd43c41ecdab91b022641afe2265548f126a0800357ecbf7a69dbc2671bc4e"
2024.00,10.00,"3730023142521707520",0.00,0.00,"Z2290-深灰色-M","Z2290-深灰色-M",1.00,339.00,0.00,0.00,16.95,0.00,1.50,320.55,"wechat_video","wechat_video:3730023142521707520:Z2290-深灰色-M:0","5d7eadaf7d50cf8ef02e6469573c36eafd70011d7976979561f90f90114fd45c"
2024.00,10.00,"3730016977258159872",0.00,0.00,"Z2079-粉色-M","Z2079-粉色-M",1.00,299.00,0.00,0.00,14.95,0.00,1.50,282.55,"wechat_video","wechat_video:3730016977258159872:Z2079-粉色-M:0","67226953f116b1f4b2b7ee5f05fea5625bd0d87e515ecc1337636d4b5424fadc"
2024.00,10.00,"3730015260880545792",0.00,0.00,"Z2215-蓝色-M","Z2215-蓝色-M",1.00,598.00,0.00,0.00,5.98,0.00,1.50,590.52,"wechat_video","wechat_video:3730015260880545792:Z2215-蓝色-M:0","6b9191f719bd28c024a2d863cd7902f38d2e0028ffd4bd357a12917bd0cad92f"
2024.00,10.00,"3730015260880545792",0.00,0.00,"Z1848-蓝色-M","Z1848-蓝色-M",1.00,598.00,0.00,0.00,5.98,0.00,1.50,590.52,"wechat_video","wechat_video:3730015260880545792:Z1848-蓝色-M:0","f808157fcf29912bc4110400aec54973dd6076ee297f179777e3ff8d0454e994"
2024.00,10.00,"3730004663504089344",0.00,0.00,"Z574-深灰色-S","Z574-深灰色-S",1.00,99.00,0.00,0.00,0.99,0.00,1.50,96.51,"wechat_video","wechat_video:3730004663504089344:Z574-深灰色-S:0","acccb0f4da84714e183f70920b72b2486092cdb76f0c3062bd24f9e1213feb7c"
2024.00,10.00,"3730002886317713408",0.00,0.00,"Z2158-卡其色-L","Z2158-卡其色-L",1.00,339.00,0.00,0.00,3.39,0.00,1.50,334.11,"wechat_video","wechat_video:3730002886317713408:Z2158-卡其色-L:0","fb4e28203009f1837bc42389a03d1ac1dc5608713a28f985d7fd25426d5d7d6d"
2024.00,10.00,"3729993879076611584",0.00,0.00,"Z1645-黑色-S","Z1645-黑色-S",1.00,189.00,0.00,0.00,9.45,0.00,1.50,178.05,"wechat_video","wechat_video:3729993879076611584:Z1645-黑色-S:0","d22677b97856651bfd211c6da1fa99e213a9160afd83b93b6cb8a55e504fa4ef"
2024.00,10.00,"3729993873023710464",0.00,0.00,"Z1645-黑色-S","Z1645-黑色-S",1.00,189.00,0.00,0.00,9.45,0.00,1.50,178.05,"wechat_video","wechat_video:3729993873023710464:Z1645-黑色-S:0","1d91949bb93c7aea45ef4f7e0dbabdc0ee790b7f43dee02ad16f961249185a24"
2024.00,10.00,"3729993832604505088",0.00,0.00,"Z1576-黑色-L","Z1576-黑色-L",1.00,199.00,0.00,0.00,9.95,0.00,1.50,187.55,"wechat_video","wechat_video:3729993832604505088:Z1576-黑色-L:0","bee0beb63e883cd233cb868a3f4d713bfadaa6be419691c5a0093e93eb5d0f59"
2024.00,10.00,"3729993829610299136",0.00,0.00,"Z1576-黑色-M","Z1576-黑色-M",1.00,199.00,0.00,0.00,9.95,0.00,1.50,187.55,"wechat_video","wechat_video:3729993829610299136:Z1576-黑色-M:0","22dc9c8c9bdb96514ffa80fd6c59c5bfb4590b47a3a8bc8334286dd14f59b059"
2024.00,10.00,"3729993787703177984",0.00,0.00,"Z1576-黑色-M","Z1576-黑色-M",1.00,199.00,0.00,0.00,9.95,0.00,1.50,187.55,"wechat_video","wechat_video:3729993787703177984:Z1576-黑色-M:0","6c0946ecba999df1f6ed52b9e35cba8f7a97b9b1279271bcb6e5afaa81cd171e"
2024.00,10.00,"3729993785795028992",0.00,0.00,"Z1576-黑色-L","Z1576-黑色-L",1.00,199.00,0.00,0.00,9.95,0.00,1.50,187.55,"wechat_video","wechat_video:3729993785795028992:Z1576-黑色-L:0","60186cba61d3f650e27758f7ae48a33a6bedc4f137a4fcc715ec9c4cad7e844c"
2024.00,10.00,"3729993780212152320",0.00,0.00,"Z1576-黑色-M","Z1576-黑色-M",1.00,199.00,0.00,0.00,9.95,0.00,1.50,187.55,"wechat_video","wechat_video:3729993780212152320:Z1576-黑色-M:0","2972a1e54498e884aa04be724a033493250e2509e4114a04bfbfedc640569122"
2024.00,10.00,"3729993777319131136",0.00,0.00,"Z1576-黑色-L","Z1576-黑色-L",1.00,199.00,0.00,0.00,9.95,0.00,1.50,187.55,"wechat_video","wechat_video:3729993777319131136:Z1576-黑色-L:0","7186517d2918d786e6da1216e30b808e059b31cd037e7e5c03de3ed4ce747e81"
2024.00,10.00,"3729993769676846592",0.00,0.00,"Z1576-黑色-M","Z1576-黑色-M",1.00,199.00,0.00,0.00,9.95,0.00,1.50,187.55,"wechat_video","wechat_video:3729993769676846592:Z1576-黑色-M:0","1d5a6ded07fb1f590f92e17f24a0f94cef191270a0cee50305df6fec996e6bf6"
2024.00,10.00,"3729993768515277824",0.00,0.00,"Z1576-黑色-M","Z1576-黑色-M",1.00,199.00,0.00,0.00,9.95,0.00,1.50,187.55,"wechat_video","wechat_video:3729993768515277824:Z1576-黑色-M:0","c0531ac8c1a004505817330b38a686ed4659d2debc98f8c924cb20cf82e3e670"
2024.00,10.00,"3729993755695125504",0.00,0.00,"Z1640-黑色-L","Z1640-黑色-L",1.00,289.00,0.00,0.00,14.45,0.00,1.50,273.05,"wechat_video","wechat_video:3729993755695125504:Z1640-黑色-L:0","b5aa2e1bd16d91c440a751242112e4b4689d9ffb437656a102aea68676e59048"
2024.00,10.00,"3729993609132250112",0.00,0.00,"Z2183-米白色-M","Z2183-米白色-M",1.00,129.00,0.00,0.00,6.45,0.00,1.50,121.05,"wechat_video","wechat_video:3729993609132250112:Z2183-米白色-M:0","32091a558877adf5afbea29f0e6c5b86b33a198d860a249863b50c8dcbb320ee"
2024.00,10.00,"3729993485694145536",0.00,0.00,"Z1576-黑色-M","Z1576-黑色-M",1.00,199.00,0.00,0.00,9.95,0.00,1.50,187.55,"wechat_video","wechat_video:3729993485694145536:Z1576-黑色-M:0","eba0214b8dd246726c00d8685fa1bdfc4aa9e8e764b964d77a0e5c6f65b34796"
2024.00,10.00,"3729992993487593216",0.00,0.00,"Z2183-黑色-M","Z2183-黑色-M",1.00,129.00,0.00,0.00,6.45,0.00,1.50,121.05,"wechat_video","wechat_video:3729992993487593216:Z2183-黑色-M:0","300131b95083e3c50e525c0db6e22eb1b2f0a3271ce5b42b7c2994393ef66287"
2024.00,10.00,"3729992973983555328",0.00,0.00,"Z2183-黑色-L","Z2183-黑色-L",1.00,129.00,0.00,0.00,6.45,0.00,1.50,121.05,"wechat_video","wechat_video:3729992973983555328:Z2183-黑色-L:0","e0c52cb936025c97862d1c44f1c982796890126ecfa176b2224a124b9148d0f1"
2024.00,10.00,"3729992906953593856",0.00,0.00,"Z2183-黑色-M","Z2183-黑色-M",1.00,129.00,0.00,0.00,6.45,0.00,1.50,121.05,"wechat_video","wechat_video:3729992906953593856:Z2183-黑色-M:0","486417b72a8dec1ddaae840879d2f4f563947c1543e9ede980dfe9796b0e6284"
2024.00,10.00,"3729991851465127936",0.00,0.00,"Z1741-白色-L","Z1741-白色-L",1.00,269.00,0.00,0.00,13.45,0.00,1.50,254.05,"wechat_video","wechat_video:3729991851465127936:Z1741-白色-L:0","6dc5cbb089fe6beaa4b5f0a73d095dfbfe730e108986a474b775b2a3d227fafc"
2024.00,10.00,"3729991740645319424",0.00,0.00,"Z2183-米白色-M","Z2183-米白色-M",1.00,258.00,0.00,0.00,12.90,0.00,1.50,243.60,"wechat_video","wechat_video:3729991740645319424:Z2183-米白色-M:0","d159c2b48369670727f57a957feae2e3ebbaa64f3f4f733646d05816c67bbe68"
2024.00,10.00,"3729991740645319424",0.00,0.00,"Z2183-黑色-M","Z2183-黑色-M",1.00,258.00,0.00,0.00,12.90,0.00,1.50,243.60,"wechat_video","wechat_video:3729991740645319424:Z2183-黑色-M:0","4c6830a70b211e50839c4167721b0ffc405aae1694ab14d855b93037ab9882cf"
2024.00,10.00,"3729991040944449024",0.00,0.00,"Z2183-米白色-L","Z2183-米白色-L",1.00,129.00,0.00,0.00,6.45,0.00,1.50,121.05,"wechat_video","wechat_video:3729991040944449024:Z2183-米白色-L:0","76d28d57275159e42cf62f8ae3dd93116afd460972de0446dee65e6ac5aef2af"
2024.00,10.00,"3729991033542024448",0.00,0.00,"Z2183-米白色-M","Z2183-米白色-M",1.00,129.00,0.00,0.00,6.45,0.00,1.50,121.05,"wechat_video","wechat_video:3729991033542024448:Z2183-米白色-M:0","eb6548209a0e264f3a93a34783f457dc26d4e9b1b405ffe361b5ce815b310589"
2024.00,10.00,"3729989295561645568",0.00,0.00,"Z1576-黑色-S","Z1576-黑色-S",1.00,199.00,0.00,0.00,9.95,0.00,1.50,187.55,"wechat_video","wechat_video:3729989295561645568:Z1576-黑色-S:0","9535cb4b521cf351d1073aa3021a96123746b37b3862ea3aa0325c28bd15b9a0"
2024.00,10.00,"3729988599348868352",0.00,0.00,"Z1581-黑色-M","Z1581-黑色-M",1.00,289.00,0.00,0.00,14.45,0.00,1.50,273.05,"wechat_video","wechat_video:3729988599348868352:Z1581-黑色-M:0","e160e2a14387a5167934bfb317a7633c6d2a704ed391108dfb7858bb1397fc6e"
2024.00,10.00,"3729988162114692352",0.00,0.00,"Z2183-黑色-L","Z2183-黑色-L",1.00,129.00,0.00,0.00,6.45,0.00,1.50,121.05,"wechat_video","wechat_video:3729988162114692352:Z2183-黑色-L:0","7ced55278d39d857435985f0d29ecc9a2bd264974470e63b03bc428c884f2367"
2024.00,10.00,"3729988057297205248",0.00,0.00,"Z1576-黑色-S","Z1576-黑色-S",1.00,199.00,0.00,0.00,1.99,0.00,1.50,195.51,"wechat_video","wechat_video:3729988057297205248:Z1576-黑色-S:0","953755fcec2c3266da56f96c9555995ac5799ba2d34072c39f16823738e9bc76"
2024.00,10.00,"3729987215633555712",0.00,0.00,"Z1640-黑色-M","Z1640-黑色-M",1.00,289.00,0.00,0.00,14.45,0.00,1.50,273.05,"wechat_video","wechat_video:3729987215633555712:Z1640-黑色-M:0","1f96f6aa0c1af27f061fa60857c7130d66b159c32a84c3a9d674a976d6bc21a2"
2024.00,10.00,"3729987197862289920",0.00,0.00,"Z1576-黑色-S","Z1576-黑色-S",1.00,199.00,0.00,0.00,9.95,0.00,1.50,187.55,"wechat_video","wechat_video:3729987197862289920:Z1576-黑色-S:0","414f3a539420dfa92d594d4784c684e095fe464255c25533f7734e2d87ead076"
2024.00,10.00,"3729987087858022400",0.00,0.00,"Z1640-黑色-M","Z1640-黑色-M",1.00,289.00,0.00,0.00,14.45,0.00,1.50,273.05,"wechat_video","wechat_video:3729987087858022400:Z1640-黑色-M:0","b59d4a9b7eeffb7d2916a6b2277fab9f3b3cab6b7e8ac5b0dbe2fa2f24c4b6cb"
2024.00,10.00,"3729987078858090496",0.00,0.00,"Z1640-黑色-L","Z1640-黑色-L",1.00,289.00,0.00,0.00,14.45,0.00,1.50,273.05,"wechat_video","wechat_video:3729987078858090496:Z1640-黑色-L:0","9b81ad2540513e4473f03b8a861a1f97b5c0829b41909a4286cc9aad5aa4490e"
2024.00,10.00,"3729987077234636544",0.00,0.00,"Z1640-黑色-M","Z1640-黑色-M",1.00,289.00,0.00,0.00,14.45,0.00,1.50,273.05,"wechat_video","wechat_video:3729987077234636544:Z1640-黑色-M:0","6d4c0618a98c9f6571370273775359891ec140671a85d023e5ac14a5e9f146b8"
2024.00,10.00,"3729987077409748737",0.00,0.00,"Z1640-黑色-M","Z1640-黑色-M",1.00,289.00,0.00,0.00,14.45,0.00,1.50,273.05,"wechat_video","wechat_video:3729987077409748737:Z1640-黑色-M:0","06950e474c6ef5f0627d127684d55e311dce7cc470b974f5f9b092046d9becfc"
2024.00,10.00,"3729987055737254144",0.00,0.00,"Z1576-黑色-M","Z1576-黑色-M",1.00,199.00,0.00,0.00,9.95,0.00,1.50,187.55,"wechat_video","wechat_video:3729987055737254144:Z1576-黑色-M:0","ce2c8c53faa866a56cba2bee157fd50cb88075dbff9138c137823557cb1ee723"
2024.00,10.00,"3729987046644522496",0.00,0.00,"Z1576-黑色-M","Z1576-黑色-M",1.00,199.00,0.00,0.00,9.95,0.00,1.50,187.55,"wechat_video","wechat_video:3729987046644522496:Z1576-黑色-M:0","66133d1453f04a883cfc694a3fe552b7bf3a9fc8176661be3bef8cf949b0a7e2"
2024.00,10.00,"3729987045830045696",0.00,0.00,"Z1576-黑色-L","Z1576-黑色-L",1.00,199.00,0.00,0.00,9.95,0.00,1.50,187.55,"wechat_video","wechat_video:3729987045830045696:Z1576-黑色-L:0","baca48854476d5b2dfffe54e207e04933ef0be5e238ac39893da1877ee5bad33"
2024.00,10.00,"3729987046130726656",0.00,0.00,"Z1576-黑色-M","Z1576-黑色-M",1.00,199.00,0.00,0.00,9.95,0.00,1.50,187.55,"wechat_video","wechat_video:3729987046130726656:Z1576-黑色-M:0","06b5c2d60e144ce7773bf93af6f6cdfed0a9adaf1f0160c3cebb2dcdbc254050"
2024.00,10.00,"3729987044860369408",0.00,0.00,"Z1576-黑色-M","Z1576-黑色-M",1.00,199.00,0.00,0.00,9.95,0.00,1.50,187.55,"wechat_video","wechat_video:3729987044860369408:Z1576-黑色-M:0","a9d371595b112fa34248fd825402a585439f4dce93c8e0d7f273601e1229a4a0"
2024.00,10.00,"3729987045684026624",0.00,0.00,"Z1576-黑色-M","Z1576-黑色-M",1.00,199.00,0.00,0.00,9.95,0.00,1.50,187.55,"wechat_video","wechat_video:3729987045684026624:Z1576-黑色-M:0","1c7eaa82b8cb80488736fbe6391fa7713b1ce3a09968f57c1446e3397c12667f"
2024.00,10.00,"3729987042053863424",0.00,0.00,"Z1576-黑色-S","Z1576-黑色-S",1.00,199.00,0.00,0.00,9.95,0.00,1.50,187.55,"wechat_video","wechat_video:3729987042053863424:Z1576-黑色-S:0","49da9fa262cebd1a1113a6dd73e228042bd630bf90c5abe55b14ecbafeabaf57"
2024.00,10.00,"3729987043696456704",0.00,0.00,"Z1576-黑色-M","Z1576-黑色-M",1.00,199.00,0.00,0.00,9.95,0.00,1.50,187.55,"wechat_video","wechat_video:3729987043696456704:Z1576-黑色-M:0","48804798585181b9a7c48ac0885ebc63a6f74a76f7b340ccb2751d487c5cd58d"
2024.00,10.00,"3729987043485163264",0.00,0.00,"Z1576-黑色-M","Z1576-黑色-M",1.00,199.00,0.00,0.00,9.95,0.00,1.50,187.55,"wechat_video","wechat_video:3729987043485163264:Z1576-黑色-M:0","eca2e8f95b101bf11ce346caca076a95e6c5676f45f633953d9e617c22db2522"
2024.00,10.00,"3729987040648771328",0.00,0.00,"Z1576-黑色-M","Z1576-黑色-M",1.00,199.00,0.00,0.00,9.95,0.00,0.00,189.05,"wechat_video","wechat_video:3729987040648771328:Z1576-黑色-M:0","8109206f495da7378203982552ae296965ce6adefbeda81bbf323214d212e73d"
2024.00,10.00,"3729987021196631296",0.00,0.00,"Z1576-黑色-M","Z1576-黑色-M",1.00,199.00,0.00,0.00,9.95,0.00,1.50,187.55,"wechat_video","wechat_video:3729987021196631296:Z1576-黑色-M:0","281ae869ef11a73c89dd3a66b7c5362a4ae88d254c64a71e757834f893711f5a"
2024.00,10.00,"3729987016751193088",0.00,0.00,"Z1576-黑色-M","Z1576-黑色-M",1.00,199.00,0.00,0.00,9.95,0.00,1.50,187.55,"wechat_video","wechat_video:3729987016751193088:Z1576-黑色-M:0","fba5ca7ace3c84b7bc8e21617331cb9bfc4508d5c5f1ba20606a757b70579f0c"
2024.00,10.00,"3729987014416545536",0.00,0.00,"Z1576-黑色-L","Z1576-黑色-L",1.00,199.00,0.00,0.00,9.95,0.00,1.50,187.55,"wechat_video","wechat_video:3729987014416545536:Z1576-黑色-L:0","97f42fb6d5e8ba5467cb434a0a64bd42b3a5383561a5a629ee8b11911176ce46"
2024.00,10.00,"3729987010391317504",0.00,0.00,"Z1576-黑色-L","Z1576-黑色-L",1.00,199.00,0.00,0.00,9.95,0.00,1.50,187.55,"wechat_video","wechat_video:3729987010391317504:Z1576-黑色-L:0","035b04e116a280c637b4b4375229eeae5616f4b90b5e08486b2d91249d285f8d"
2024.00,10.00,"3729987008773892096",0.00,0.00,"Z1741-白色-S","Z1741-白色-S",1.00,269.00,0.00,0.00,2.69,0.00,1.50,264.81,"wechat_video","wechat_video:3729987008773892096:Z1741-白色-S:0","6527f4e8c71840d16c2fd98e1c78be0a6daaa6f1447837d1ef9703fd70f6733e"
2024.00,10.00,"3729987001021242624",0.00,0.00,"Z1576-黑色-M","Z1576-黑色-M",1.00,199.00,0.00,0.00,9.95,0.00,1.50,187.55,"wechat_video","wechat_video:3729987001021242624:Z1576-黑色-M:0","426b02f23d7090aa06a7fb10ab03adf28c9c3d99e815f9228ccb4cd056fa45fe"
2024.00,10.00,"3729986999867544576",0.00,0.00,"Z1576-黑色-L","Z1576-黑色-L",1.00,199.00,0.00,0.00,9.95,0.00,0.00,189.05,"wechat_video","wechat_video:3729986999867544576:Z1576-黑色-L:0","008190d09b0f23d0c5978139fb3c5f81c9f8c7bf3154e14d20bc3e66a362d0a9"
2024.00,10.00,"3729986993208567040",0.00,0.00,"Z1640-黑色-M","Z1640-黑色-M",1.00,289.00,0.00,0.00,14.45,0.00,1.50,273.05,"wechat_video","wechat_video:3729986993208567040:Z1640-黑色-M:0","ca98c5ec29738f88d0194cb1a84bc5a0b911b2f313cbc09bc39ec5497461bdac"
2024.00,10.00,"3729986980063618560",0.00,0.00,"Z1640-黑色-L","Z1640-黑色-L",1.00,289.00,0.00,0.00,14.45,0.00,1.50,273.05,"wechat_video","wechat_video:3729986980063618560:Z1640-黑色-L:0","deb2c568f1cc1908b9554705af504f0c8895b6b006ddcb086dfc265d822c6a20"
2024.00,10.00,"3729986972954008832",0.00,0.00,"Z1640-黑色-L","Z1640-黑色-L",1.00,289.00,0.00,0.00,14.45,0.00,1.50,273.05,"wechat_video","wechat_video:3729986972954008832:Z1640-黑色-L:0","c2b08d8a429c416040fd6bc88108a415bc363c86b17182bf07887f4129a63ff8"
2024.00,10.00,"3729986971498850304",0.00,0.00,"Z1576-黑色-S","Z1576-黑色-S",1.00,199.00,0.00,0.00,9.95,0.00,1.50,187.55,"wechat_video","wechat_video:3729986971498850304:Z1576-黑色-S:0","fc26a48b077131118b0ceda407f433bc209a012bb4a5ce6317545bea8d9b4311"
2024.00,10.00,"3729986972593305344",0.00,0.00,"Z1640-黑色-L","Z1640-黑色-L",1.00,289.00,0.00,0.00,14.45,0.00,1.50,273.05,"wechat_video","wechat_video:3729986972593305344:Z1640-黑色-L:0","e5f18e33312ad1a40e511547403b886aec6db280212b451c0887cba573842879"
2024.00,10.00,"3729986971460843264",0.00,0.00,"Z1576-黑色-L","Z1576-黑色-L",1.00,199.00,0.00,0.00,9.95,0.00,1.50,187.55,"wechat_video","wechat_video:3729986971460843264:Z1576-黑色-L:0","42785e98576698a7e957802b0640dbc332815baa4401a3fb4a8cb4417eddc0ae"
2024.00,10.00,"3729986967111081728",0.00,0.00,"Z1576-黑色-L","Z1576-黑色-L",1.00,199.00,0.00,0.00,9.95,0.00,1.50,187.55,"wechat_video","wechat_video:3729986967111081728:Z1576-黑色-L:0","2d579b7a867ab3dc74e5a8a61e9d1c9f3790e1cd0a4d170ef858ac243a1875fe"
2024.00,10.00,"3729986446022286848",0.00,0.00,"Z1741-白色-S","Z1741-白色-S",1.00,269.00,0.00,0.00,13.45,0.00,1.50,254.05,"wechat_video","wechat_video:3729986446022286848:Z1741-白色-S:0","bb25a42f7eeb9070b199d30b09bceae019d79d9646e08f10603f78db48376c47"
2024.00,10.00,"3729986416136564736",0.00,0.00,"Z1581-白色-M","Z1581-白色-M",1.00,289.00,0.00,0.00,14.45,0.00,1.50,273.05,"wechat_video","wechat_video:3729986416136564736:Z1581-白色-M:0","364e40ced25af645d11807f1ff641ee0e63d30679920e55b9efc8e97163d9f5e"
2024.00,10.00,"3729986387971022336",0.00,0.00,"Z1576-黑色-L","Z1576-黑色-L",1.00,199.00,0.00,0.00,9.95,0.00,1.50,187.55,"wechat_video","wechat_video:3729986387971022336:Z1576-黑色-L:0","83e54ff37312ddceab88700374b47d3f8bfe70f78a2ede71bfc5ee3020827431"
2024.00,10.00,"3729986101076696320",0.00,0.00,"Z2183-黑色-L","Z2183-黑色-L",1.00,129.00,0.00,0.00,6.45,0.00,1.50,121.05,"wechat_video","wechat_video:3729986101076696320:Z2183-黑色-L:0","2cff0edacfcccdbc5062a5696c3cb08fc53be9702620ce3048e0ef0d6fab337f"
2024.00,10.00,"3729983986901333760",0.00,0.00,"Z1576-黑色-M","Z1576-黑色-M",1.00,199.00,0.00,0.00,9.95,0.00,1.50,187.55,"wechat_video","wechat_video:3729983986901333760:Z1576-黑色-M:0","e7a592a0d01abf4fb813228f05a8e0c8751636ab2366b64210836c1c59ed9851"
2024.00,10.00,"3729983960164474112",0.00,0.00,"Z1640-黑色-M","Z1640-黑色-M",1.00,289.00,0.00,0.00,14.45,0.00,1.50,273.05,"wechat_video","wechat_video:3729983960164474112:Z1640-黑色-M:0","0cbdd1afa4be9d6462fb0d3d9f4d1ea220ba560fe6331672300d4916ca620640"
2024.00,10.00,"3729977364006189056",0.00,0.00,"Z2183-黑色-L","Z2183-黑色-L",1.00,129.00,0.00,0.00,6.45,0.00,1.50,121.05,"wechat_video","wechat_video:3729977364006189056:Z2183-黑色-L:0","20d1bd8c6d86b33d7768be504bf3ab54a00ce605e59c68f7fba39faabd83c829"
2024.00,10.00,"3729964449811800576",0.00,0.00,"Z2137-白色-S","Z2137-白色-S",1.00,299.00,0.00,0.00,14.95,0.00,1.50,282.55,"wechat_video","wechat_video:3729964449811800576:Z2137-白色-S:0","03dcf5a171d2c9a6af7f3c551846b9962e5cdded7ec5f1b3c1cea6ed98e78d01"
2024.00,10.00,"3729964278480773632",0.00,0.00,"Z2233-黄绿色-S","Z2233-黄绿色-S",1.00,269.00,0.00,0.00,2.69,0.00,1.50,264.81,"wechat_video","wechat_video:3729964278480773632:Z2233-黄绿色-S:0","c1eac77b8f33ea82e2a92baed7ecdd3a42627da9e1cd321edf0e7727d1c792fc"
2024.00,10.00,"3729962836581816832",0.00,0.00,"Z2330-蓝色-S","Z2330-蓝色-S",1.00,419.00,0.00,0.00,4.19,0.00,1.50,413.31,"wechat_video","wechat_video:3729962836581816832:Z2330-蓝色-S:0","9ae527329532f1571feab9775ea578710b7d8e85f993343724bb97d0e23d20f5"
2024.00,10.00,"3729959257420733696",0.00,0.00,"Z2333-米白色-M","Z2333-米白色-M",1.00,169.00,0.00,0.00,8.45,0.00,1.50,159.05,"wechat_video","wechat_video:3729959257420733696:Z2333-米白色-M:0","8d3b1f3a61860ea5011f703693def063630888ef611d233b415b111dc1924831"
2024.00,10.00,"3729951614640200960",0.00,0.00,"P103-黑色","P103-黑色",1.00,289.00,0.00,0.00,14.45,0.00,0.93,273.62,"wechat_video","wechat_video:3729951614640200960:P103-黑色:0","7fce74069b214edae2c723434d8b80610174d550d742cfcbd8187f48a8628370"
2024.00,10.00,"3729949215751021312",0.00,0.00,"P133-银色-AC015","P133-银色-AC015",1.00,199.00,0.00,0.00,9.95,0.00,1.98,187.07,"wechat_video","wechat_video:3729949215751021312:P133-银色-AC015:0","71ad271c7d6d167b6b600eb96a5cbf3080dd55d812ebcfc76ce3735038a63702"
2024.00,10.00,"3729948768964321536",0.00,0.00,"Z2241-花色-S","Z2241-花色-S",1.00,478.00,0.00,0.00,6.95,0.00,1.50,469.55,"wechat_video","wechat_video:3729948768964321536:Z2241-花色-S:0","3b24bbc00cce742a0639dc8bd66816d4f07df918e8c86a5a155e64f955bb5d68"
2024.00,10.00,"3729948326128656640",0.00,0.00,"Z1581-黑色-M","Z1581-黑色-M",1.00,418.00,0.00,0.00,20.90,0.00,1.50,395.60,"wechat_video","wechat_video:3729948326128656640:Z1581-黑色-M:0","eff2d107cd435918f81e5ee3f62c8461ebebb85016cc8143f5a3d2f57f53e7f8"
2024.00,10.00,"3729948326128656640",0.00,0.00,"Z2183-米白色-L","Z2183-米白色-L",1.00,418.00,0.00,0.00,20.90,0.00,1.50,395.60,"wechat_video","wechat_video:3729948326128656640:Z2183-米白色-L:0","0651b7646e2e3716b96832d49031b110fbd92089da59b37074e9afe74e54c8e8"
2024.00,10.00,"3729947903277540864",0.00,0.00,"Z784-灰色-42","Z784-灰色-42",1.00,389.00,0.00,0.00,19.45,0.00,1.50,368.05,"wechat_video","wechat_video:3729947903277540864:Z784-灰色-42:0","8030fe1016496e6cc920608b13a1cb39bc9aebbb3a91ba320e5ae7bd7ac598e4"
2024.00,10.00,"3729947361623284224",0.00,0.00,"Z2183-黑色-L","Z2183-黑色-L",1.00,129.00,0.00,0.00,6.45,0.00,1.50,121.05,"wechat_video","wechat_video:3729947361623284224:Z2183-黑色-L:0","b6d2fbee9c86eab8376e72a6e4f198e51a8fb8178cb25e2e8ccbbe10ba67cfd6"
2024.00,10.00,"3729947334438429952",0.00,0.00,"Z2183-黑色-M","Z2183-黑色-M",1.00,129.00,0.00,0.00,6.45,0.00,1.50,121.05,"wechat_video","wechat_video:3729947334438429952:Z2183-黑色-M:0","10fffe7b7252b23ec2e855c7d5c349ccdd473707deaa3a3530a25aca4dfe3430"
2024.00,10.00,"3729947314594914560",0.00,0.00,"Z1581-黑色-S","Z1581-黑色-S",1.00,289.00,0.00,0.00,14.45,0.00,1.50,273.05,"wechat_video","wechat_video:3729947314594914560:Z1581-黑色-S:0","635c657d802a1c44601c76402c80c21056d7ea76f32f473f51e8060fd79ed8c7"
2024.00,10.00,"3729947274138232320",0.00,0.00,"Z2183-米白色-M","Z2183-米白色-M",1.00,129.00,0.00,0.00,6.45,0.00,1.50,121.05,"wechat_video","wechat_video:3729947274138232320:Z2183-米白色-M:0","bea3009631e1756e4a276c5267683d102bd86a387a7c1e974b427b5b2abdbc90"
2024.00,10.00,"3729947273667417088",0.00,0.00,"Z2183-黑色-XL","Z2183-黑色-XL",1.00,139.00,0.00,0.00,6.45,0.00,1.50,131.05,"wechat_video","wechat_video:3729947273667417088:Z2183-黑色-XL:0","b2f9119e1f4251bf36ae971f63eccae0183afd3eb42b3a459a30a08568cbba0f"
2024.00,10.00,"3729947159760090624",0.00,0.00,"Z2281-条纹-M","Z2281-条纹-M",1.00,239.00,0.00,0.00,11.95,0.00,1.50,225.55,"wechat_video","wechat_video:3729947159760090624:Z2281-条纹-M:0","536241f28f18264fe9b745d47c5033248ad0dc342bdfbc44aaa8aadeef0961fc"
2024.00,10.00,"3729946801783842048",0.00,0.00,"Z1741-白色-L","Z1741-白色-L",1.00,269.00,0.00,0.00,13.45,0.00,1.50,254.05,"wechat_video","wechat_video:3729946801783842048:Z1741-白色-L:0","097a94fa1c78e849ef61335a28d8cdd8383a41ad6878599d50db5c8e6b6475c5"
2024.00,10.00,"3729946591347487488",0.00,0.00,"Z2333-米白色-S","Z2333-米白色-S",1.00,707.00,0.00,0.00,8.45,0.00,1.50,697.05,"wechat_video","wechat_video:3729946591347487488:Z2333-米白色-S:0","089f46f621a7ca76f2ccc7ce43220d098d423f92714d37c4b5dc37fcee0ef377"
2024.00,10.00,"3729946161450198528",0.00,0.00,"Z2183-黑色-L","Z2183-黑色-L",1.00,129.00,0.00,0.00,6.45,0.00,1.50,121.05,"wechat_video","wechat_video:3729946161450198528:Z2183-黑色-L:0","6ba4d0547147619eebcdfef34253178491d0346bab41987f95bc20c523c89f81"
2024.00,10.00,"3729945912636218368",0.00,0.00,"Z2183-米白色-M","Z2183-米白色-M",1.00,129.00,0.00,0.00,6.45,0.00,1.50,121.05,"wechat_video","wechat_video:3729945912636218368:Z2183-米白色-M:0","2b313f45de2cc23117b3ac38dafcf0cf4a1ce8d6177c779c3841da58567e90dc"
2024.00,10.00,"3729945388315719168",0.00,0.00,"Z2140-杏色-S","Z2140-杏色-S",1.00,189.00,0.00,0.00,1.89,0.00,1.50,185.61,"wechat_video","wechat_video:3729945388315719168:Z2140-杏色-S:0","aeb4083dbb9c01aea7a81fca07d1e4183aab40e24f124ca47a0bfdf7f356e40d"
2024.00,10.00,"3729943977617666816",0.00,0.00,"Z1640-黑色-S","Z1640-黑色-S",1.00,289.00,0.00,0.00,14.45,0.00,1.50,273.05,"wechat_video","wechat_video:3729943977617666816:Z1640-黑色-S:0","4bd47208b19423d462fb146611ad17cc92aaf248daaf5dfe2854acdd3ebb9c33"
2024.00,10.00,"3729942923858289152",0.00,0.00,"Z2330-蓝色-L","Z2330-蓝色-L",1.00,419.00,0.00,0.00,20.95,0.00,0.00,398.05,"wechat_video","wechat_video:3729942923858289152:Z2330-蓝色-L:0","ab89ea17ddf9e1dbfc36aa02fa536084d63466b1db6f77d2405a64bb484fb3a8"
2024.00,10.00,"3729942738233859840",0.00,0.00,"Z2281-条纹-L","Z2281-条纹-L",1.00,239.00,0.00,0.00,11.95,0.00,1.50,225.55,"wechat_video","wechat_video:3729942738233859840:Z2281-条纹-L:0","d88626754a19e3216aa5e00fd0040fbc86da3dc6cc48c6dc4e4dce499528fa24"
2024.00,10.00,"3729942736621416448",0.00,0.00,"Z2281-条纹-S","Z2281-条纹-S",1.00,239.00,0.00,0.00,11.95,0.00,1.50,225.55,"wechat_video","wechat_video:3729942736621416448:Z2281-条纹-S:0","8ab82b0d338f4446c2092b567071dfc51312f8dca8a0f8e68f882b7ae02775c4"
2024.00,10.00,"3729942717344396544",0.00,0.00,"Z2281-条纹-M","Z2281-条纹-M",1.00,239.00,0.00,0.00,11.95,0.00,1.50,225.55,"wechat_video","wechat_video:3729942717344396544:Z2281-条纹-M:0","8e73c2c8d70c24f06c8864cb01d2e4b731b32334a0c72b81f73f000b1bed536c"
2024.00,10.00,"3729942294707714048",0.00,0.00,"Z2281-条纹-S","Z2281-条纹-S",1.00,239.00,0.00,0.00,11.95,0.00,1.50,225.55,"wechat_video","wechat_video:3729942294707714048:Z2281-条纹-S:0","c55505fe994a1a0b980810cadfcae0a4936c45d6f80a1c248211832caa9e6284"
2024.00,10.00,"3729942294170051840",0.00,0.00,"Z2281-条纹-S","Z2281-条纹-S",1.00,239.00,0.00,0.00,11.95,0.00,0.00,227.05,"wechat_video","wechat_video:3729942294170051840:Z2281-条纹-S:0","e0d42af83d8df2583ab83b939a34e6597e17f306461694e1b4e2cd26acae8038"
2024.00,10.00,"3729942293988126976",0.00,0.00,"Z2281-条纹-M","Z2281-条纹-M",1.00,239.00,0.00,0.00,11.95,0.00,1.50,225.55,"wechat_video","wechat_video:3729942293988126976:Z2281-条纹-M:0","c798786bc6b2cdec3fc087d9949947f888ea6ac0a3698a8d280d3652a091da79"
2024.00,10.00,"3729942279227578880",0.00,0.00,"Z2281-条纹-M","Z2281-条纹-M",1.00,239.00,0.00,0.00,11.95,0.00,1.50,225.55,"wechat_video","wechat_video:3729942279227578880:Z2281-条纹-M:0","f3ddb23b93f60ddef6cf9986d644b9d03b691bb2a6a7932434e8a4d2786383fa"
2024.00,10.00,"3729941964326580224",0.00,0.00,"Z1741-白色-M","Z1741-白色-M",1.00,269.00,0.00,0.00,13.45,0.00,1.50,254.05,"wechat_video","wechat_video:3729941964326580224:Z1741-白色-M:0","66b5f6bfa3034f27c421c447c562c4f83d9eef8942cf7459ec5395fe0bb0c36d"
2024.00,10.00,"3729940697152368896",0.00,0.00,"Z2183-黑色-XL","Z2183-黑色-XL",1.00,129.00,0.00,0.00,6.45,0.00,1.50,121.05,"wechat_video","wechat_video:3729940697152368896:Z2183-黑色-XL:0","5a820a10a932d4bacdffe7c4bc9a98d3ba2a06899878614c41e3d5048085e409"
2024.00,10.00,"3729935299174609664",0.00,0.00,"Z2278-黑色-S","Z2278-黑色-S",1.00,229.00,0.00,0.00,2.29,0.00,1.50,225.21,"wechat_video","wechat_video:3729935299174609664:Z2278-黑色-S:0","4470917952e40cdb8092977dbba48d620849f8d6910bc1f9e0b2d3a993cd49b4"
2024.00,10.00,"3729934349774235136",0.00,0.00,"Z2299-蓝色-M","Z2299-蓝色-M",1.00,299.00,0.00,0.00,2.99,0.00,1.50,294.51,"wechat_video","wechat_video:3729934349774235136:Z2299-蓝色-M:0","7215d677e0086f233402c57e6601905a183c327a7e199fe9b5dccaf52069b197"
2024.00,10.00,"3729919719930214400",0.00,0.00,"Z1763-白色-S","Z1763-白色-S",1.00,139.00,0.00,0.00,6.95,0.00,1.50,130.55,"wechat_video","wechat_video:3729919719930214400:Z1763-白色-S:0","b0661f39eda8f0997fb14dda7d33294512c65ec148abb4575cd89856f80b3e69"
2024.00,10.00,"3729916805788611584",0.00,0.00,"Z2313-黑色-L","Z2313-黑色-L",1.00,329.00,0.00,0.00,3.29,0.00,1.50,324.21,"wechat_video","wechat_video:3729916805788611584:Z2313-黑色-L:0","e37b9f8a0860812fbedfe387cab0a4a65e46f2e4f67d2637f72ab53cfbb3f1d5"
2024.00,10.00,"3729916145090311936",0.00,0.00,"Z2271-条纹-S","Z2271-条纹-S",1.00,289.00,0.00,0.00,14.45,0.00,1.50,273.05,"wechat_video","wechat_video:3729916145090311936:Z2271-条纹-S:0","a2d4c6be8809db64f145ff9fe51a22059b172911c5421d3dc030aa1f549e2f03"
2024.00,10.00,"3729914995070081536",0.00,0.00,"Z2278-黑色-L","Z2278-黑色-L",1.00,229.00,0.00,0.00,2.29,0.00,1.50,225.21,"wechat_video","wechat_video:3729914995070081536:Z2278-黑色-L:0","812d72e5b98452adad5f011d1969f3f431cf4c9e612b907b963a5543ac3631d7"
2024.00,10.00,"3729913425211043840",0.00,0.00,"Z944-藏青条纹-M","Z944-藏青条纹-M",1.00,139.00,0.00,0.00,6.95,0.00,1.50,130.55,"wechat_video","wechat_video:3729913425211043840:Z944-藏青条纹-M:0","fa50ec3286c37474429a3b04327cc0af443b1c73639377c407aaa446d2be9437"
2024.00,10.00,"3729903899116975361",0.00,0.00,"P085-黑色","P085-黑色",1.00,199.00,0.00,0.00,9.95,0.00,0.93,188.12,"wechat_video","wechat_video:3729903899116975361:P085-黑色:0","2518a2214e0ef5f6d0f1c8a60149660d90f0b4233025713b6ffc2974ee8f0dba"
2024.00,10.00,"3729903415298504192",0.00,0.00,"Z2183-米白色-XL","Z2183-米白色-XL",1.00,129.00,0.00,0.00,6.45,0.00,1.50,121.05,"wechat_video","wechat_video:3729903415298504192:Z2183-米白色-XL:0","97f7c197a05ecff0c128411c04590e013d16499126401eb7e9ed7fa7d3d5395e"
2024.00,10.00,"3729902571115912448",0.00,0.00,"Z2183-黑色-L","Z2183-黑色-L",1.00,129.00,0.00,0.00,6.45,0.00,1.50,121.05,"wechat_video","wechat_video:3729902571115912448:Z2183-黑色-L:0","743fb674736d4303e26155f9983d90e4f6453b496b71a40bca981303464e3acf"
2024.00,10.00,"3729902459771034624",0.00,0.00,"Z2183-米白色-XL","Z2183-米白色-XL",1.00,129.00,0.00,0.00,6.45,0.00,1.50,121.05,"wechat_video","wechat_video:3729902459771034624:Z2183-米白色-XL:0","76b11d949345d9f392338a39b4ffb9155e087d71f433b9adb5c6096fadb568f4"
2024.00,10.00,"3729902081434328576",0.00,0.00,"Z2183-米白色-L","Z2183-米白色-L",1.00,129.00,0.00,0.00,6.45,0.00,1.50,121.05,"wechat_video","wechat_video:3729902081434328576:Z2183-米白色-L:0","3d5ca10ac39c8a42671983d239ef9e5bee8de465e746c604742a1ee503cb1c87"
2024.00,10.00,"3729901984588373760",0.00,0.00,"Z2183-米白色-M","Z2183-米白色-M",1.00,129.00,0.00,0.00,6.45,0.00,1.50,121.05,"wechat_video","wechat_video:3729901984588373760:Z2183-米白色-M:0","416fd49cebdbf1242fabc001fe42800aafd911a40005d104791b0e6668d8e6ba"
2024.00,10.00,"3729901981564806400",0.00,0.00,"Z2183-米白色-L","Z2183-米白色-L",1.00,129.00,0.00,0.00,6.45,0.00,1.50,121.05,"wechat_video","wechat_video:3729901981564806400:Z2183-米白色-L:0","236c16f6eafe9c28340441f7b717311131a9b9c1fce635921a66ba2ffd835a0a"
2024.00,10.00,"3729901979596890880",0.00,0.00,"Z2183-米白色-XL","Z2183-米白色-XL",1.00,129.00,0.00,0.00,6.45,0.00,1.50,121.05,"wechat_video","wechat_video:3729901979596890880:Z2183-米白色-XL:0","67a9ca3fbe65d2a2e001e99f856a0725a3baf3a2edead2ea327b059d47bda267"
2024.00,10.00,"3729901976356002304",0.00,0.00,"Z2183-米白色-L","Z2183-米白色-L",1.00,129.00,0.00,0.00,6.45,0.00,1.50,121.05,"wechat_video","wechat_video:3729901976356002304:Z2183-米白色-L:0","5c7114ee7f59db94812260472967318c8244d9e5d7655c93c495a68e23a48d72"
2024.00,10.00,"3729901969316385792",0.00,0.00,"Z2183-米白色-L","Z2183-米白色-L",1.00,129.00,0.00,0.00,6.45,0.00,1.50,121.05,"wechat_video","wechat_video:3729901969316385792:Z2183-米白色-L:0","85afb8512a282710142914ddf30330ba421afbe0d62469b39edbbd8171ed2766"
2024.00,10.00,"3729901966173288448",0.00,0.00,"Z2183-米白色-L","Z2183-米白色-L",1.00,129.00,0.00,0.00,6.45,0.00,1.50,121.05,"wechat_video","wechat_video:3729901966173288448:Z2183-米白色-L:0","ddcade01c653a273dc35ec8d9ca0cf31588296d26094e15a581a998c2be75cef"
2024.00,10.00,"3729901954651790848",0.00,0.00,"Z2183-米白色-L","Z2183-米白色-L",1.00,129.00,0.00,0.00,6.45,0.00,1.50,121.05,"wechat_video","wechat_video:3729901954651790848:Z2183-米白色-L:0","a7ebb5a9b2b36bdefb62080a55ca13eee6e6a6cd8ee094332f0cb72e5636b815"
2024.00,10.00,"3729901952848244992",0.00,0.00,"Z2183-米白色-L","Z2183-米白色-L",1.00,129.00,0.00,0.00,6.45,0.00,1.50,121.05,"wechat_video","wechat_video:3729901952848244992:Z2183-米白色-L:0","851362a8a83fbcd272ec708743d18a41e7841a678f528b8bf8bee44f0082e100"
2024.00,10.00,"3729901950332181760",0.00,0.00,"Z2183-米白色-XL","Z2183-米白色-XL",1.00,129.00,0.00,0.00,6.45,0.00,1.50,121.05,"wechat_video","wechat_video:3729901950332181760:Z2183-米白色-XL:0","a2f10d36747ce6b1f30004109c7c2194d8263810685768d59f2ba2542819c958"
2024.00,10.00,"3729901944907113984",0.00,0.00,"Z2183-黑色-XL","Z2183-黑色-XL",1.00,129.00,0.00,0.00,6.45,0.00,1.50,121.05,"wechat_video","wechat_video:3729901944907113984:Z2183-黑色-XL:0","0077150305febb4d6df1fe788f3a9c3ad69a0584e33ec10b18270690e7d61844"
2024.00,10.00,"3729901932383450368",0.00,0.00,"Z2183-黑色-M","Z2183-黑色-M",1.00,129.00,0.00,0.00,6.45,0.00,1.50,121.05,"wechat_video","wechat_video:3729901932383450368:Z2183-黑色-M:0","84c8dd05beb0e2f5ccc7a7e7549f093fe1832f27231c48c5eb8e42b4ab44df46"
2024.00,10.00,"3729901903981720320",0.00,0.00,"Z2183-黑色-L","Z2183-黑色-L",1.00,129.00,0.00,0.00,6.45,0.00,1.50,121.05,"wechat_video","wechat_video:3729901903981720320:Z2183-黑色-L:0","ed4fce4dbf13344842d0c9ddb395d93820be8950a6d2870861dd09dcff3becee"
2024.00,10.00,"3729901903200002561",0.00,0.00,"Z2183-黑色-L","Z2183-黑色-L",1.00,129.00,0.00,0.00,6.45,0.00,1.50,121.05,"wechat_video","wechat_video:3729901903200002561:Z2183-黑色-L:0","efac7b8af7e1ecfff57fb1d31282ac02f1534e7b87419726a11a9457a2a95587"
2024.00,10.00,"3729901812206146560",0.00,0.00,"Z1581-白色-M","Z1581-白色-M",1.00,289.00,0.00,0.00,14.45,0.00,1.50,273.05,"wechat_video","wechat_video:3729901812206146560:Z1581-白色-M:0","865ddbdd19d18dc55903c97eb8802fc099c12125b6f6f5e9d316f2b64816bf3b"
2024.00,10.00,"3729901744785601792",0.00,0.00,"Z2183-黑色-XL","Z2183-黑色-XL",1.00,129.00,0.00,0.00,6.45,0.00,1.50,121.05,"wechat_video","wechat_video:3729901744785601792:Z2183-黑色-XL:0","47a2f268a6fefb7ea6973fdee698c8eccc420045631e61bddf42364607d0d7fc"
2024.00,10.00,"3729901704963301120",0.00,0.00,"Z2183-米白色-L","Z2183-米白色-L",1.00,129.00,0.00,0.00,6.45,0.00,1.50,121.05,"wechat_video","wechat_video:3729901704963301120:Z2183-米白色-L:0","7fb79eece95bb75170c9b8ef83681ceff4dcf602fe82230bcb938e41ef95ca60"
2024.00,10.00,"3729901638778229760",0.00,0.00,"Z2183-黑色-L","Z2183-黑色-L",1.00,129.00,0.00,0.00,6.45,0.00,1.50,121.05,"wechat_video","wechat_video:3729901638778229760:Z2183-黑色-L:0","3dd3eac39ffc47361639d3b07aed21ab36e2ece94cae136eb088653b943c1272"
2024.00,10.00,"3729900552611046656",0.00,0.00,"Z1581-白色-S","Z1581-白色-S",1.00,289.00,0.00,0.00,14.45,0.00,1.50,273.05,"wechat_video","wechat_video:3729900552611046656:Z1581-白色-S:0","80b8f6bcca8c0eaf48b0f79e6e2110e23f1a4ad7c9099c6c92b316a2be498bac"
2024.00,10.00,"3729899157906922752",0.00,0.00,"Z2318-深蓝色-S","Z2318-深蓝色-S",1.00,599.00,0.00,0.00,29.95,0.00,1.50,567.55,"wechat_video","wechat_video:3729899157906922752:Z2318-深蓝色-S:0","62e0deb73bdfaad27b0de15d89f750abbf062873f97555c2fcb1b6e1fc082649"
2024.00,10.00,"3729899145040901376",0.00,0.00,"Z028-白色-M","Z028-白色-M",1.00,299.00,0.00,0.00,14.95,0.00,1.50,282.55,"wechat_video","wechat_video:3729899145040901376:Z028-白色-M:0","93e1a789bed43e80e3f860737acce59db4bc7b9e4c2d58b714a6fe8ba29656af"
2024.00,10.00,"3729897627453370368",0.00,0.00,"Z2183-米白色-M","Z2183-米白色-M",1.00,129.00,0.00,0.00,6.45,0.00,1.50,121.05,"wechat_video","wechat_video:3729897627453370368:Z2183-米白色-M:0","b2855b634dbbbe52dc0494b1348d7a53c63897a5239bb9449631776f8208db1c"
2024.00,10.00,"3729897462091096320",0.00,0.00,"Z2183-黑色-L","Z2183-黑色-L",1.00,129.00,0.00,0.00,6.45,0.00,1.50,121.05,"wechat_video","wechat_video:3729897462091096320:Z2183-黑色-L:0","697067ab16e550acd5db15f33225fee9d787d3e02a89a65477dbf39a6ff7ac4c"
2024.00,10.00,"3729896624556217344",0.00,0.00,"Z2318-深蓝色-M","Z2318-深蓝色-M",1.00,599.00,0.00,0.00,29.95,0.00,1.50,567.55,"wechat_video","wechat_video:3729896624556217344:Z2318-深蓝色-M:0","39336bf077a1341080a085e57dca350b77a84c80b3d1a05cde910c1f4772f151"
2024.00,10.00,"3729896160265910016",0.00,0.00,"Z028-白色-XL","Z028-白色-XL",1.00,299.00,0.00,0.00,14.95,0.00,1.50,282.55,"wechat_video","wechat_video:3729896160265910016:Z028-白色-XL:0","62e10ab15890855ec7d4449aea590c0ab7e003a08256dce59c62fbb65435a73a"
2024.00,10.00,"3729895499058525952",0.00,0.00,"Z1741-白色-S","Z1741-白色-S",1.00,269.00,0.00,0.00,13.45,0.00,1.50,254.05,"wechat_video","wechat_video:3729895499058525952:Z1741-白色-S:0","080cef125caa1809d8855de8b3ea0dfa8ef5f9c5ad942ea74d4686ac3fb8bc65"
2024.00,10.00,"3729895463566582528",0.00,0.00,"Z2278-黑色-M","Z2278-黑色-M",1.00,229.00,0.00,0.00,2.29,0.00,1.50,225.21,"wechat_video","wechat_video:3729895463566582528:Z2278-黑色-M:0","4f6b98a258cc395624cb8c53d9baf4d8227cf562cdc272c99fa42b47697b992b"
2024.00,10.00,"3729893862215923712",0.00,0.00,"Z858-黑色-S","Z858-黑色-S",1.00,269.00,0.00,0.00,2.69,0.00,1.50,264.81,"wechat_video","wechat_video:3729893862215923712:Z858-黑色-S:0","af14b8657c46af244c4e97bff5f0f2b630bf239292914bf4872f252953a7e584"
2024.00,10.00,"3729886510314558464",0.00,0.00,"Z2183-黑色-XL","Z2183-黑色-XL",1.00,129.00,0.00,0.00,6.45,0.00,1.50,121.05,"wechat_video","wechat_video:3729886510314558464:Z2183-黑色-XL:0","1073a58811986526e358be9a0a78f997a1d3c087cb74a6a9e4d75f397b9f05a9"
2024.00,10.00,"3729877485016458496",0.00,0.00,"Z1581-白色-M","Z1581-白色-M",1.00,289.00,0.00,0.00,2.89,0.00,1.50,284.61,"wechat_video","wechat_video:3729877485016458496:Z1581-白色-M:0","71fb9dbb4fa396de5565c2ff1eda4ed5750ceacb7d036445b6379e2dbe36a822"
2024.00,10.00,"3729858810435220480",0.00,0.00,"Z2261-波点-S","Z2261-波点-S",1.00,199.00,0.00,0.00,1.99,0.00,1.50,195.51,"wechat_video","wechat_video:3729858810435220480:Z2261-波点-S:0","4425f68f55f35887aa50782ebb10d475ebbce105533f18babe33f7c415054d03"
2024.00,10.00,"3729857762936624128",0.00,0.00,"Z2299-蓝色-M","Z2299-蓝色-M",1.00,299.00,0.00,0.00,14.95,0.00,1.50,282.55,"wechat_video","wechat_video:3729857762936624128:Z2299-蓝色-M:0","b7fbabb76b9ca1dacc77c9dda142b72be1cdeed579dfc4b5b2c54572336cde7e"
2024.00,10.00,"3729857742089626880",0.00,0.00,"Z1943-杏色-L","Z1943-杏色-L",1.00,259.00,0.00,0.00,12.95,0.00,1.50,244.55,"wechat_video","wechat_video:3729857742089626880:Z1943-杏色-L:0","87272ebad529575fd7698d5ff38eca2c762c53d4bfacc8b90c8127d26342eef6"
2024.00,10.00,"3729852161051992576",0.00,0.00,"Z2006-黑色-L","Z2006-黑色-L",1.00,139.00,0.00,0.00,1.39,0.00,1.50,136.11,"wechat_video","wechat_video:3729852161051992576:Z2006-黑色-L:0","909febd73ffdef1caebf3e30e94ab71eccb5e073d138c626cb9c0b0cc21603ee"
2024.00,10.00,"3729851868183409408",0.00,0.00,"P110-项链","P110-项链",1.00,289.00,0.00,0.00,2.89,0.00,1.98,284.13,"wechat_video","wechat_video:3729851868183409408:P110-项链:0","c12fdab44b58af3a1b61ca8cef45249993ed0eac657dc60c7728e0e1dcd7e685"
2024.00,10.00,"3729848322072125184",0.00,0.00,"Z2144-黑色-L","Z2144-黑色-L",1.00,289.00,0.00,0.00,14.45,0.00,1.50,273.05,"wechat_video","wechat_video:3729848322072125184:Z2144-黑色-L:0","331b7d46ff5cfc4658dbbdde75596fef66dd420e740ee0a5863dbd04221da27c"
2024.00,10.00,"3729836454006371072",0.00,0.00,"Z2291-紫色-L","Z2291-紫色-L",1.00,189.00,0.00,0.00,1.89,0.00,1.50,185.61,"wechat_video","wechat_video:3729836454006371072:Z2291-紫色-L:0","ab98851bf665ba9905fcc32029e159332f3b3ac52ac6892747d42a044df6e8f4"
2024.00,10.00,"3729833497799570688",0.00,0.00,"Z1954-灰色-M","Z1954-灰色-M",1.00,149.00,0.00,0.00,7.45,0.00,1.50,140.05,"wechat_video","wechat_video:3729833497799570688:Z1954-灰色-M:0","963bc7a2a6ee90111b51ab0e02d74d57859621c944bf85b123d654ad764cb118"
2024.00,10.00,"3729828597500615168",0.00,0.00,"Z507-黑色-L","Z507-黑色-L",1.00,89.90,0.00,0.00,4.49,0.00,1.50,83.91,"wechat_video","wechat_video:3729828597500615168:Z507-黑色-L:0","436188d0cd0d5a904e72d3402ac25487108e93c53cb884934078d75f0cbf3bd5"
2024.00,10.00,"3729828159421816320",0.00,0.00,"Z2067-杏色-S","Z2067-杏色-S",1.00,219.00,0.00,0.00,10.95,0.00,1.50,206.55,"wechat_video","wechat_video:3729828159421816320:Z2067-杏色-S:0","45bd54dcbbbde7b225fe6bef9fac0105d75c9cfaf5c8f22e60b9415940963b16"
2024.00,10.00,"3729825881837941504",0.00,0.00,"Z2183-黑色-L","Z2183-黑色-L",1.00,129.00,0.00,0.00,6.45,0.00,1.50,121.05,"wechat_video","wechat_video:3729825881837941504:Z2183-黑色-L:0","e0ab2b2cf46cca827abea585c6e749574acf649e4337e9a10e212ecf20268938"
2024.00,10.00,"3729824115800546304",0.00,0.00,"P105-银色","P105-银色",1.00,199.00,0.00,0.00,1.99,0.00,1.98,195.03,"wechat_video","wechat_video:3729824115800546304:P105-银色:0","4e9d50d1a0a779e224746f5b82fe279c121af8d648dcb0620e6a85f203d7e5e0"
2024.00,10.00,"3729812606633784576",0.00,0.00,"Z1741-白色-L","Z1741-白色-L",1.00,269.00,0.00,0.00,13.45,0.00,1.50,254.05,"wechat_video","wechat_video:3729812606633784576:Z1741-白色-L:0","054797bc5e76b8491aab72cecee0b92417de0e0a3813d21b921dd613144d1c4d"
2024.00,10.00,"3729811119409078016",0.00,0.00,"Z1175-黑色-M","Z1175-黑色-M",1.00,289.00,0.00,0.00,2.89,0.00,1.50,284.61,"wechat_video","wechat_video:3729811119409078016:Z1175-黑色-M:0","3605715a570a6897d1ba3744fad8a8bca32679392f12a7c62b3422868f67f9f1"
2024.00,10.00,"3729802001155502848",0.00,0.00,"Z2265-紫色-XL","Z2265-紫色-XL",1.00,119.00,0.00,0.00,5.95,0.00,1.50,111.55,"wechat_video","wechat_video:3729802001155502848:Z2265-紫色-XL:0","21b6c70bba1b921ac054d37505f2e4155ee839ab7e75cd1b97de04fcaaf6b85d"
2024.00,10.00,"3729790653618332416",0.00,0.00,"Z2285-灰色-S","Z2285-灰色-S",1.00,129.00,0.00,0.00,6.45,0.00,1.50,121.05,"wechat_video","wechat_video:3729790653618332416:Z2285-灰色-S:0","f46a181f5141289b8caa3605d61e24b84d89f0690c79db49f0db9ea82483c306"
2024.00,10.00,"3729790408344608000",0.00,0.00,"Z2278-黑色-M","Z2278-黑色-M",1.00,229.00,0.00,0.00,11.45,0.00,1.50,216.05,"wechat_video","wechat_video:3729790408344608000:Z2278-黑色-M:0","3838d00deb67be1065fd8701965c82b604c944588ff4e6565e12e3a8f491a367"
2024.00,10.00,"3729788155064624640",0.00,0.00,"Z925-人字纹-L","Z925-人字纹-L",1.00,169.00,0.00,0.00,1.69,0.00,1.50,165.81,"wechat_video","wechat_video:3729788155064624640:Z925-人字纹-L:0","e022e1cb6e1ef87fc1ffe6858ec425ab1176ae6157aa5e5cd69c558e9e675ca3"
2024.00,10.00,"3729785197246428160",0.00,0.00,"Z2256-粉色-M","Z2256-粉色-M",1.00,309.00,0.00,0.00,2.99,0.00,1.50,304.51,"wechat_video","wechat_video:3729785197246428160:Z2256-粉色-M:0","16afbe54916362f77c1358c12190adc2243b296f156ea058b39ad0d1f985bade"
2024.00,10.00,"3729783307628059904",0.00,0.00,"P136-黑色","P136-黑色",1.00,439.00,0.00,0.00,21.95,0.00,0.93,416.12,"wechat_video","wechat_video:3729783307628059904:P136-黑色:0","a86d921b7460e9f08d5652a54ef846122ca748da4217bf7194f620423c6c0d36"
2024.00,10.00,"3729777887306987264",0.00,0.00,"Z2299-蓝色-S","Z2299-蓝色-S",1.00,299.00,0.00,0.00,14.95,0.00,1.50,282.55,"wechat_video","wechat_video:3729777887306987264:Z2299-蓝色-S:0","3622a84e9be7e4c6f9d714278c02754dce73dacf629e50e76597b0a3c5963af7"
2024.00,10.00,"3729765717157748224",0.00,0.00,"Z2259-浅卡其色-M","Z2259-浅卡其色-M",1.00,219.00,0.00,0.00,10.95,0.00,1.50,206.55,"wechat_video","wechat_video:3729765717157748224:Z2259-浅卡其色-M:0","cedff52c211e98dd355b589ae4efdf684c9e3f041009323541625347e7d7b44f"
2024.00,10.00,"3729764279205109248",0.00,0.00,"Z2278-黑色-S","Z2278-黑色-S",1.00,229.00,0.00,0.00,11.45,0.00,1.50,216.05,"wechat_video","wechat_video:3729764279205109248:Z2278-黑色-S:0","b6f9dc94c8dd8db47e12dd7bf4f5f10e3668bcf0c52bbb921de48c2ecfddb243"
2024.00,10.00,"3729755023133777408",0.00,0.00,"Z2006-白色-M","Z2006-白色-M",1.00,139.00,0.00,0.00,6.95,0.00,1.50,130.55,"wechat_video","wechat_video:3729755023133777408:Z2006-白色-M:0","5612627747311ab93a38bf0306ba392ac1bc3c25a3b8eef099398a03c516b233"
2024.00,10.00,"3729754046128600064",0.00,0.00,"Z2140-灰色-S","Z2140-灰色-S",1.00,189.00,0.00,0.00,1.89,0.00,1.50,185.61,"wechat_video","wechat_video:3729754046128600064:Z2140-灰色-S:0","36fca2473041e4d4be1febe26011787bbf56ec3c7849dcdf887750db672f10c9"
2024.00,10.00,"3729752756756296704",0.00,0.00,"Z2006-黑色-S","Z2006-黑色-S",1.00,139.00,0.00,0.00,6.95,0.00,1.50,130.55,"wechat_video","wechat_video:3729752756756296704:Z2006-黑色-S:0","7f67f9890a584f7b476122e43d17627cb0bd6de93c24bd9c211e5ef21ba73c90"
2024.00,10.00,"3729738730228560128",0.00,0.00,"Z914-花灰色-S","Z914-花灰色-S",1.00,179.00,0.00,0.00,8.95,0.00,1.50,168.55,"wechat_video","wechat_video:3729738730228560128:Z914-花灰色-S:0","03d2c6d67fa2785eeca5c31ac503175016ef239e933ba5c2851f1b991977ee74"
2024.00,10.00,"3729732993855922432",0.00,0.00,"P124-银色-AC006","P124-银色-AC006",1.00,299.00,0.00,0.00,14.95,0.00,1.98,282.07,"wechat_video","wechat_video:3729732993855922432:P124-银色-AC006:0","642f55390ba8f9a90f836c89fd227bf284170eb21977f0f53a8f5cf138b49fb8"
2024.00,10.00,"3729732889460220160",0.00,0.00,"P110-项链","P110-项链",1.00,289.00,0.00,0.00,14.45,0.00,1.98,272.57,"wechat_video","wechat_video:3729732889460220160:P110-项链:0","12a22754dc7f444e91a89e40f368c2e8e8df9cd6a82a4692e2218196f716ea01"
2024.00,10.00,"3729699814871798784",0.00,0.00,"P110-项链","P110-项链",1.00,289.00,0.00,0.00,14.45,0.00,1.98,272.57,"wechat_video","wechat_video:3729699814871798784:P110-项链:0","ce23e4858f196a8ae616a5519fb3c276e691329f4d3bb356e797297938f6bb6e"
2024.00,10.00,"3729699592856279552",0.00,0.00,"Z2215-蓝色-M","Z2215-蓝色-M",1.00,299.00,0.00,0.00,14.95,0.00,1.50,282.55,"wechat_video","wechat_video:3729699592856279552:Z2215-蓝色-M:0","efa669f79b5966f72869c97923989739219d6fcae55a4c256fccca72ccdb66af"
2024.00,10.00,"3729699087731269376",0.00,0.00,"Z2295-黑色-M","Z2295-黑色-M",1.00,179.00,0.00,0.00,8.95,0.00,1.50,168.55,"wechat_video","wechat_video:3729699087731269376:Z2295-黑色-M:0","b2597246f3b0065ee5ca55bbbc1fc9ef9f4e47318cfc2919e5cbfddbeeaa1be0"
2024.00,10.00,"3729698933378004736",0.00,0.00,"Z1581-黑色-M","Z1581-黑色-M",1.00,289.00,0.00,0.00,14.45,0.00,1.50,273.05,"wechat_video","wechat_video:3729698933378004736:Z1581-黑色-M:0","675d55ffec67f9a543b692874775ced73d17cc49ca95025e3dcd1a3d0628b8e3"
2024.00,10.00,"3729698766060393472",0.00,0.00,"Z1581-白色-S","Z1581-白色-S",1.00,289.00,0.00,0.00,14.45,0.00,1.50,273.05,"wechat_video","wechat_video:3729698766060393472:Z1581-白色-S:0","9f5513b530ff417734c582e41aaa4be381ef76778b90a8b3ba44d08eaf32bfd3"
2024.00,10.00,"3729698672448774912",0.00,0.00,"Z2278-黑色-L","Z2278-黑色-L",1.00,229.00,0.00,0.00,11.45,0.00,1.50,216.05,"wechat_video","wechat_video:3729698672448774912:Z2278-黑色-L:0","ebcef4cc99d651035b98f66c2c7e893a1e4638d230ac5e0b0f3cf8b7dbf7790a"
2024.00,10.00,"3729698419785998080",0.00,0.00,"Z2215-蓝色-M","Z2215-蓝色-M",1.00,299.00,0.00,0.00,14.95,0.00,1.50,282.55,"wechat_video","wechat_video:3729698419785998080:Z2215-蓝色-M:0","a601219299ce405eccd0356dbadcb008e23e7dab1b0a13d1ea86b9e5224d023f"
2024.00,10.00,"3729698304711866112",0.00,0.00,"Z2278-黑色-L","Z2278-黑色-L",1.00,229.00,0.00,0.00,11.45,0.00,1.50,216.05,"wechat_video","wechat_video:3729698304711866112:Z2278-黑色-L:0","f80b9436ee6cf1257b930d4b8130ea055ae9c28723ba4d9aac470535e73a1ca5"
2024.00,10.00,"3729698179772458496",0.00,0.00,"Z2183-黑色-M","Z2183-黑色-M",1.00,129.00,0.00,0.00,6.45,0.00,1.50,121.05,"wechat_video","wechat_video:3729698179772458496:Z2183-黑色-M:0","14b1f4b5551e365db54d3bb974f274b6a77401a729d0e27e19f8ccd74d42b0fc"
2024.00,10.00,"3729698179774822400",0.00,0.00,"Z2183-黑色-L","Z2183-黑色-L",1.00,129.00,0.00,0.00,6.45,0.00,1.50,121.05,"wechat_video","wechat_video:3729698179774822400:Z2183-黑色-L:0","e191ece83f3e7974ec4099c5ec90d6df19fd59ef83f5db6f2b93c337e60cb6ad"
2024.00,10.00,"3729697808871461888",0.00,0.00,"Z2183-黑色-L","Z2183-黑色-L",1.00,129.00,0.00,0.00,6.45,0.00,1.50,121.05,"wechat_video","wechat_video:3729697808871461888:Z2183-黑色-L:0","661fa52579d2fac976d69673f2ec6a983b694cf51682f2ba6300ddb068e6ea06"
2024.00,10.00,"3729697616546115584",0.00,0.00,"Z2285-灰色-M","Z2285-灰色-M",1.00,129.00,0.00,0.00,6.45,0.00,1.50,121.05,"wechat_video","wechat_video:3729697616546115584:Z2285-灰色-M:0","9926dfcaa762f6f0641701cf37077eb1af74d8fc88785dbd094fa302262bdc58"
2024.00,10.00,"3729697582289132544",0.00,0.00,"Z1581-白色-L","Z1581-白色-L",1.00,289.00,0.00,0.00,14.45,0.00,1.50,273.05,"wechat_video","wechat_video:3729697582289132544:Z1581-白色-L:0","6329608589aa261cd7964f50429e7cad3a0a31339b72605d217b752c65e7a556"
2024.00,10.00,"3729697486900961792",0.00,0.00,"Z1581-白色-S","Z1581-白色-S",1.00,289.00,0.00,0.00,14.45,0.00,1.50,273.05,"wechat_video","wechat_video:3729697486900961792:Z1581-白色-S:0","ce5013b8ce80ee7b7486f9076beaa65b19101ff1ba4baa4a7962771b93878138"
2024.00,10.00,"3729697458149798912",0.00,0.00,"Z1581-白色-M","Z1581-白色-M",1.00,289.00,0.00,0.00,14.45,0.00,1.50,273.05,"wechat_video","wechat_video:3729697458149798912:Z1581-白色-M:0","8f92b70f61116fa2bc45c3ae4de156fb0aea2e8a9a0f86a5076f194cf134ecd3"
2024.00,10.00,"3729697125094267904",0.00,0.00,"Z2183-米白色-XL","Z2183-米白色-XL",1.00,129.00,0.00,0.00,6.45,0.00,1.50,121.05,"wechat_video","wechat_video:3729697125094267904:Z2183-米白色-XL:0","d9111f28c9567de64a8cfe13f246a99d1a626c3141f3cc0c5769a08aa0136f77"
2024.00,10.00,"3729696893391217920",0.00,0.00,"Z2215-蓝色-M","Z2215-蓝色-M",1.00,299.00,0.00,0.00,14.95,0.00,1.50,282.55,"wechat_video","wechat_video:3729696893391217920:Z2215-蓝色-M:0","762b56ea8acf28fbaf15da7b05675701cfe3b8a521c64cb19c29e86a048ae108"
2024.00,10.00,"3729696838867624704",0.00,0.00,"Z2215-蓝色-M","Z2215-蓝色-M",1.00,299.00,0.00,0.00,14.95,0.00,1.50,282.55,"wechat_video","wechat_video:3729696838867624704:Z2215-蓝色-M:0","b22be0ad80d4ab5a321b5e129dcff6612dec46e0462b8204b850a4e5f3aa23b2"
2024.00,10.00,"3729696704338735104",0.00,0.00,"Z2215-蓝色-M","Z2215-蓝色-M",1.00,299.00,0.00,0.00,14.95,0.00,1.50,282.55,"wechat_video","wechat_video:3729696704338735104:Z2215-蓝色-M:0","772ac64c7e42cf1f7ef303d230ee2ce0c01654d7b78fac43c6d6bcd86f30eeb6"
2024.00,10.00,"3729696522492065536",0.00,0.00,"Z1581-白色-S","Z1581-白色-S",1.00,289.00,0.00,0.00,14.45,0.00,1.50,273.05,"wechat_video","wechat_video:3729696522492065536:Z1581-白色-S:0","31378e47c17fa520154d012c6622d60782ea71416a81a6999dc3c6a3a9ca7ea2"
2024.00,10.00,"3729696483134547200",0.00,0.00,"Z2295-黑色-S","Z2295-黑色-S",1.00,179.00,0.00,0.00,8.95,0.00,1.50,168.55,"wechat_video","wechat_video:3729696483134547200:Z2295-黑色-S:0","34b830725225181628a9c1b1538729741cd73d09cddcc60e3e96ca536234a933"
2024.00,10.00,"3729696392460510464",0.00,0.00,"Z2183-米白色-L","Z2183-米白色-L",1.00,139.00,0.00,0.00,6.45,0.00,1.50,131.05,"wechat_video","wechat_video:3729696392460510464:Z2183-米白色-L:0","662e48d6ac8582b7b24eb69bd6f2e97daa479e42be68fcc8ae53d3a885c04236"
2024.00,10.00,"3729696157218779392",0.00,0.00,"Z2215-蓝色-M","Z2215-蓝色-M",1.00,299.00,0.00,0.00,2.99,0.00,1.50,294.51,"wechat_video","wechat_video:3729696157218779392:Z2215-蓝色-M:0","8c9af0e209fa2bbfd6b411336efd48162b7826754fb0a63110f7c0dc01b15fbb"
2024.00,10.00,"3729695897547321600",0.00,0.00,"Z1581-黑色-L","Z1581-黑色-L",1.00,289.00,0.00,0.00,14.45,0.00,1.50,273.05,"wechat_video","wechat_video:3729695897547321600:Z1581-黑色-L:0","f6d5b4ee40aced09b43b16f53aed8c5ad45b99b6979ebcf0575e89acacde4286"
2024.00,10.00,"3729695360950608640",0.00,0.00,"Z1581-黑色-L","Z1581-黑色-L",1.00,289.00,0.00,0.00,14.45,0.00,1.50,273.05,"wechat_video","wechat_video:3729695360950608640:Z1581-黑色-L:0","781a11f4fa5701b62318cb873f969e1e39dc63c57303e50a0b99168b9f408f0e"
2024.00,10.00,"3729695222672530944",0.00,0.00,"Z1581-黑色-M","Z1581-黑色-M",1.00,289.00,0.00,0.00,14.45,0.00,1.50,273.05,"wechat_video","wechat_video:3729695222672530944:Z1581-黑色-M:0","2f7dc092d95548a8ff1de86019c8c087ce2c2776264f5896e90a5b80eb5fd9f7"
2024.00,10.00,"3729694626251677440",0.00,0.00,"Z2215-蓝色-M","Z2215-蓝色-M",1.00,299.00,0.00,0.00,14.95,0.00,1.50,282.55,"wechat_video","wechat_video:3729694626251677440:Z2215-蓝色-M:0","db0c29451ff28eed125d1ff5c98503a0a2042d180a60fc59ba835af516504814"
2024.00,10.00,"3729694379063260672",0.00,0.00,"Z2285-灰色-L","Z2285-灰色-L",1.00,129.00,0.00,0.00,6.45,0.00,1.50,121.05,"wechat_video","wechat_video:3729694379063260672:Z2285-灰色-L:0","dcbb87bd408b63f377a5a11c7086af9611a50e48bed8e3da55b9f66fbb11afbf"
2024.00,10.00,"3729694056102113536",0.00,0.00,"P110-项链","P110-项链",1.00,289.00,0.00,0.00,14.45,0.00,1.98,272.57,"wechat_video","wechat_video:3729694056102113536:P110-项链:0","f2540ac99f578834d9f03a273cab1e84d900c28dbd5166b17e87c979d3fc6af9"
2024.00,10.00,"3729694036738578944",0.00,0.00,"Z2285-灰色-M","Z2285-灰色-M",1.00,129.00,0.00,0.00,6.45,0.00,1.50,121.05,"wechat_video","wechat_video:3729694036738578944:Z2285-灰色-M:0","fa088b9c8736439f5d2a7f664ede3554991570642f44b8c5183e7576a18abde8"
2024.00,10.00,"3729694030213813248",0.00,0.00,"Z2285-黑色-M","Z2285-黑色-M",1.00,129.00,0.00,0.00,6.45,0.00,1.50,121.05,"wechat_video","wechat_video:3729694030213813248:Z2285-黑色-M:0","3cbf24f31997666087640ce684d34b5bf67c06d403e0c9db1924e4f9bc7b97fb"
2024.00,10.00,"3729694024292507392",0.00,0.00,"Z2309-白色-M","Z2309-白色-M",1.00,289.00,0.00,0.00,14.45,0.00,1.50,273.05,"wechat_video","wechat_video:3729694024292507392:Z2309-白色-M:0","61a74d81515135222456460a3510db76e25843c3bcc9a073a4f09a24e4066be2"
2024.00,10.00,"3729693963369454080",0.00,0.00,"Z2285-灰色-S","Z2285-灰色-S",1.00,129.00,0.00,0.00,6.45,0.00,1.50,121.05,"wechat_video","wechat_video:3729693963369454080:Z2285-灰色-S:0","58718e7e70beebf4942ee03dcdc9f0d910327d2cdef2656c5d7b6d64024ef86e"
2024.00,10.00,"3729693939776500480",0.00,0.00,"Z2285-灰色-M","Z2285-灰色-M",1.00,129.00,0.00,0.00,6.45,0.00,1.50,121.05,"wechat_video","wechat_video:3729693939776500480:Z2285-灰色-M:0","8f1635f8915eb9d1f5a67155e956fea4af0e7cc293584c4445d70dae922700eb"
2024.00,10.00,"3729693940703703040",0.00,0.00,"Z2295-黑色-M","Z2295-黑色-M",1.00,179.00,0.00,0.00,8.95,0.00,1.50,168.55,"wechat_video","wechat_video:3729693940703703040:Z2295-黑色-M:0","c8533c4a016311314eb13f5d9cc860aba8b92f9597c5720981878060425d8190"
2024.00,10.00,"3729693847235206400",0.00,0.00,"Z2215-蓝色-M","Z2215-蓝色-M",1.00,299.00,0.00,0.00,14.95,0.00,1.50,282.55,"wechat_video","wechat_video:3729693847235206400:Z2215-蓝色-M:0","48dc4afc5a38b6a5b8a4af8be2f8ba2c350dbbcae0d9d0f07165bbb929572b2d"
2024.00,10.00,"3729693841424528128",0.00,0.00,"Z2295-黑色-M","Z2295-黑色-M",1.00,179.00,0.00,0.00,8.95,0.00,1.50,168.55,"wechat_video","wechat_video:3729693841424528128:Z2295-黑色-M:0","269dbcef79e398d2bdf82a5c973f04ba601b0500350d7953f01715d92b32602f"
2024.00,10.00,"3729693836020423680",0.00,0.00,"Z2215-蓝色-M","Z2215-蓝色-M",1.00,299.00,0.00,0.00,2.99,0.00,1.50,294.51,"wechat_video","wechat_video:3729693836020423680:Z2215-蓝色-M:0","939c7e2240098f5300aac6e04dd8c7605fd2b7d4468c8b5a0fe0fdbb2e00158d"
2024.00,10.00,"3729693826485200128",0.00,0.00,"Z2295-黑色-M","Z2295-黑色-M",1.00,179.00,0.00,0.00,8.95,0.00,1.50,168.55,"wechat_video","wechat_video:3729693826485200128:Z2295-黑色-M:0","97566f4295212448005b44dcc428ee22b6d9511257eee49c8efe6e4c3a88b275"
2024.00,10.00,"3729693798884581888",0.00,0.00,"Z2295-黑色-M","Z2295-黑色-M",1.00,179.00,0.00,0.00,8.95,0.00,1.50,168.55,"wechat_video","wechat_video:3729693798884581888:Z2295-黑色-M:0","951a63c1177d5643f56e020cfde6f91b57924e57e79e8860840ad5d54e6d3ed9"
2024.00,10.00,"3729693750768317184",0.00,0.00,"Z2278-黑色-M","Z2278-黑色-M",1.00,229.00,0.00,0.00,11.45,0.00,1.50,216.05,"wechat_video","wechat_video:3729693750768317184:Z2278-黑色-M:0","c4dbf2559253a717ee9a8b6064642a79027b1f8b93a8b919a44b06a885bd18c2"
2024.00,10.00,"3729693748852825344",0.00,0.00,"Z2278-黑色-L","Z2278-黑色-L",1.00,229.00,0.00,0.00,11.45,0.00,1.50,216.05,"wechat_video","wechat_video:3729693748852825344:Z2278-黑色-L:0","891d6e94ed0555dfdfd5b08e9a41ab2cf35385a4aee3bf19d8dcbfc6401d6a81"
2024.00,10.00,"3729693603415071232",0.00,0.00,"Z2278-黑色-M","Z2278-黑色-M",1.00,229.00,0.00,0.00,11.45,0.00,1.50,216.05,"wechat_video","wechat_video:3729693603415071232:Z2278-黑色-M:0","cd0901deffd43b69a92b74b4295022d96bd4abc061bdc58007c6f5aa17a14c44"
2024.00,10.00,"3729693598862160640",0.00,0.00,"Z2278-黑色-M","Z2278-黑色-M",1.00,229.00,0.00,0.00,11.45,0.00,1.50,216.05,"wechat_video","wechat_video:3729693598862160640:Z2278-黑色-M:0","f3d30551423d3cb378598df54aceb3ef09058e67a5e1375728593c8052122ead"
2024.00,10.00,"3729693594109746176",0.00,0.00,"Z2278-黑色-M","Z2278-黑色-M",1.00,229.00,0.00,0.00,11.45,0.00,1.50,216.05,"wechat_video","wechat_video:3729693594109746176:Z2278-黑色-M:0","3b29f9840c54e2ca8b054225b42a4e00c093c9e7fabb3a246a93d9e09f3aff9d"
2024.00,10.00,"3729693574839540224",0.00,0.00,"Z2278-黑色-M","Z2278-黑色-M",1.00,229.00,0.00,0.00,11.45,0.00,1.50,216.05,"wechat_video","wechat_video:3729693574839540224:Z2278-黑色-M:0","ca998c816b24b90485ff6c4332c5c4aa5ea1ba3443c811ec1d248be6703f029b"
2024.00,10.00,"3729693506838343936",0.00,0.00,"Z2215-蓝色-S","Z2215-蓝色-S",1.00,299.00,0.00,0.00,14.95,0.00,1.50,282.55,"wechat_video","wechat_video:3729693506838343936:Z2215-蓝色-S:0","b9082b438f704405097f02295921b987c66bbf370b6e4c164fb8f7c4d6dd8183"
2024.00,10.00,"3729693503773619200",0.00,0.00,"Z2215-蓝色-M","Z2215-蓝色-M",1.00,299.00,0.00,0.00,14.95,0.00,1.50,282.55,"wechat_video","wechat_video:3729693503773619200:Z2215-蓝色-M:0","bfda42f13946008b031199effe730bbe2bdf774c8d380faf0d41c7db5246ca3a"
2024.00,10.00,"3729693503834174464",0.00,0.00,"Z2215-蓝色-S","Z2215-蓝色-S",1.00,299.00,0.00,0.00,14.95,0.00,1.50,282.55,"wechat_video","wechat_video:3729693503834174464:Z2215-蓝色-S:0","cb99d19278dc5570f8e59d52e72cc6bae4b0ee9556cb6f05517ab76f0f5a7a7d"
2024.00,10.00,"3729693228678918912",0.00,0.00,"Z2309-白色-L","Z2309-白色-L",1.00,289.00,0.00,0.00,14.45,0.00,1.50,273.05,"wechat_video","wechat_video:3729693228678918912:Z2309-白色-L:0","b7bf1b69053c4cd8effb12e895894a6d782bb840852baec778f20a7e2a3e5cca"
2024.00,10.00,"3729693228750743552",0.00,0.00,"Z2309-白色-M","Z2309-白色-M",1.00,289.00,0.00,0.00,14.45,0.00,1.50,273.05,"wechat_video","wechat_video:3729693228750743552:Z2309-白色-M:0","dfadf503b05c5a49c0d1a33d96f7a9f8c4abc3f043ffb1ec398ebe5da111455a"
2024.00,10.00,"3729693201135449088",0.00,0.00,"Z2309-白色-M","Z2309-白色-M",1.00,289.00,0.00,0.00,14.45,0.00,1.50,273.05,"wechat_video","wechat_video:3729693201135449088:Z2309-白色-M:0","aee851b304e2e092cca370262cf7585d2183391bffc765837536ed2f487279f9"
2024.00,10.00,"3729693200991008000",0.00,0.00,"Z2309-白色-S","Z2309-白色-S",1.00,289.00,0.00,0.00,14.45,0.00,0.00,274.55,"wechat_video","wechat_video:3729693200991008000:Z2309-白色-S:0","38cb7c9609b7af54431fc6b3c5704576a268f35a0141779bf1b7b33aeef6b0b2"
2024.00,10.00,"3729693199682902528",0.00,0.00,"Z2309-白色-M","Z2309-白色-M",1.00,289.00,0.00,0.00,14.45,0.00,1.50,273.05,"wechat_video","wechat_video:3729693199682902528:Z2309-白色-M:0","5856d9af4024846440dfd2658b487f49a511e8a95f5f504205efee323b9d81e2"
2024.00,10.00,"3729693197381806080",0.00,0.00,"Z2309-白色-M","Z2309-白色-M",1.00,289.00,0.00,0.00,14.45,0.00,1.50,273.05,"wechat_video","wechat_video:3729693197381806080:Z2309-白色-M:0","2ed037e6341c3d4421196631351ddc228a4b8ae24c031745e1777692a07c58f4"
2024.00,10.00,"3729693195619934976",0.00,0.00,"Z2309-白色-S","Z2309-白色-S",1.00,289.00,0.00,0.00,14.45,0.00,1.50,273.05,"wechat_video","wechat_video:3729693195619934976:Z2309-白色-S:0","54aa164bb226a71f2ae4717e2f8a433ad4878a1e469a6738d0202a96c7242e90"
2024.00,10.00,"3729693194257570304",0.00,0.00,"Z2309-白色-M","Z2309-白色-M",1.00,289.00,0.00,0.00,14.45,0.00,1.50,273.05,"wechat_video","wechat_video:3729693194257570304:Z2309-白色-M:0","7300688c4fa1a2464fb93683b474dfcd80c689f24a1d9e9f8a1965a5804274d4"
2024.00,10.00,"3729692699548594944",0.00,0.00,"P110-项链","P110-项链",1.00,289.00,0.00,0.00,2.89,0.00,1.98,284.13,"wechat_video","wechat_video:3729692699548594944:P110-项链:0","98c14f280e1995639fb69123653694967858b4a61409ec872ba0eeb89347622b"
2024.00,10.00,"3729692661844155648",0.00,0.00,"Z1581-白色-M","Z1581-白色-M",1.00,289.00,0.00,0.00,2.89,0.00,1.50,284.61,"wechat_video","wechat_video:3729692661844155648:Z1581-白色-M:0","59b9afb113cd9b5a7784ae97d1f29ceb483f1355f6df3375c8327062b3fba31c"
2024.00,10.00,"3729692614952887808",0.00,0.00,"Z2285-灰色-M","Z2285-灰色-M",1.00,129.00,0.00,0.00,6.45,0.00,1.50,121.05,"wechat_video","wechat_video:3729692614952887808:Z2285-灰色-M:0","575da7525221a1697609bbee4e06c4f5eb0cc6a0b90c92800231d2a44c97baeb"
2024.00,10.00,"3729692246143284480",0.00,0.00,"Z1581-白色-S","Z1581-白色-S",1.00,289.00,0.00,0.00,14.45,0.00,1.50,273.05,"wechat_video","wechat_video:3729692246143284480:Z1581-白色-S:0","03a1bd49f95c9a75afc86822b551aefc4efacf83366a58dbca06e78fe41c9da6"
2024.00,10.00,"3729692238332175872",0.00,0.00,"Z1581-白色-M","Z1581-白色-M",1.00,289.00,0.00,0.00,14.45,0.00,1.50,273.05,"wechat_video","wechat_video:3729692238332175872:Z1581-白色-M:0","df6e9b40e7c302fa45da9b624c18f037b6d21361bb6e5d708f85479c63716b64"
2024.00,10.00,"3729692189174674176",0.00,0.00,"Z2183-黑色-L","Z2183-黑色-L",1.00,129.00,0.00,0.00,6.45,0.00,1.50,121.05,"wechat_video","wechat_video:3729692189174674176:Z2183-黑色-L:0","ea266ffa5e81b1897c609a2bdc227a884ed5fdb7ea4e92999caf35fd1c409bb7"
2024.00,10.00,"3729692101540460032",0.00,0.00,"Z1581-白色-S","Z1581-白色-S",1.00,289.00,0.00,0.00,14.45,0.00,1.50,273.05,"wechat_video","wechat_video:3729692101540460032:Z1581-白色-S:0","04f1307ac5430161b8e26fcc8c22b6c59a880cd4715157330d922336d49bf21d"
2024.00,10.00,"3729692056802964993",0.00,0.00,"P110-项链","P110-项链",1.00,289.00,0.00,0.00,14.45,0.00,1.98,272.57,"wechat_video","wechat_video:3729692056802964993:P110-项链:0","dec5686602d96596a2cc218c29afb8922a8bd2a80f4098ad7be8da571bf9fefd"
2024.00,10.00,"3729692049973590016",0.00,0.00,"P110-项链","P110-项链",1.00,289.00,0.00,0.00,14.45,0.00,1.98,272.57,"wechat_video","wechat_video:3729692049973590016:P110-项链:0","ca1487e7fa2fc65eaf8585eaf051f73d3e900b6987324ebda27671de1d10c40d"
2024.00,10.00,"3729692014807758080",0.00,0.00,"Z858-黑色-S","Z858-黑色-S",1.00,269.00,0.00,0.00,13.45,0.00,1.50,254.05,"wechat_video","wechat_video:3729692014807758080:Z858-黑色-S:0","ca009f7a34fb0b762c80fc9673583a37e58c558b2a0669ebcd57c1e4e694d88f"
2024.00,10.00,"3729691913532879105",0.00,0.00,"P110-项链","P110-项链",1.00,289.00,0.00,0.00,14.45,0.00,1.98,272.57,"wechat_video","wechat_video:3729691913532879105:P110-项链:0","ef129051b677e0de5b919e1c2a3969b7fded6b9b0ffa38c62d94e68addf8b1c6"
2024.00,10.00,"3729691861707796736",0.00,0.00,"Z2215-蓝色-S","Z2215-蓝色-S",1.00,299.00,0.00,0.00,14.95,0.00,1.50,282.55,"wechat_video","wechat_video:3729691861707796736:Z2215-蓝色-S:0","9450600434add489686a0a0f76a4a2871dc64a3bd37d69f7f8289a202c90f0d5"
2024.00,10.00,"3729691855052481024",0.00,0.00,"Z2215-蓝色-M","Z2215-蓝色-M",1.00,299.00,0.00,0.00,14.95,0.00,1.50,282.55,"wechat_video","wechat_video:3729691855052481024:Z2215-蓝色-M:0","9214808fe8424d7cff45da88f880b96034d20312f25601fab8cf5dc068d0d254"
2024.00,10.00,"3729691852541929472",0.00,0.00,"Z2215-蓝色-M","Z2215-蓝色-M",1.00,299.00,0.00,0.00,14.95,0.00,1.50,282.55,"wechat_video","wechat_video:3729691852541929472:Z2215-蓝色-M:0","50f32116fca8999f3734edd6d134052318924c6aa9a247a14e4a7097b686be0a"
2024.00,10.00,"3729691732001037824",0.00,0.00,"Z858-黑色-L","Z858-黑色-L",1.00,269.00,0.00,0.00,13.45,0.00,1.50,254.05,"wechat_video","wechat_video:3729691732001037824:Z858-黑色-L:0","cb0d6d531ae28c8d0af5835c0b9a4a2fe20eca457137ad0fbc9c6f79bae4f411"
2024.00,10.00,"3729691714018223360",0.00,0.00,"Z858-黑色-L","Z858-黑色-L",1.00,269.00,0.00,0.00,13.45,0.00,1.50,254.05,"wechat_video","wechat_video:3729691714018223360:Z858-黑色-L:0","bd423bdf7b4073231c372da49729510b602df316036f80f6f4a50ed6dfd7d3ca"
2024.00,10.00,"3729691709498597632",0.00,0.00,"Z858-黑色-M","Z858-黑色-M",1.00,279.00,0.00,0.00,13.45,0.00,1.50,264.05,"wechat_video","wechat_video:3729691709498597632:Z858-黑色-M:0","ad3ab8b3457ecfc176fbf192ac63825100dd37af55ca7d5ba35fd6ddce2ad73f"
2024.00,10.00,"3729691708976403456",0.00,0.00,"Z858-黑色-L","Z858-黑色-L",1.00,269.00,0.00,0.00,13.45,0.00,1.50,254.05,"wechat_video","wechat_video:3729691708976403456:Z858-黑色-L:0","a1ddf7642b4109be6e8955535079fbbd6070b0f9d21643d1b4e955a2e7aac67e"
2024.00,10.00,"3729691709137893376",0.00,0.00,"Z858-黑色-L","Z858-黑色-L",1.00,269.00,0.00,0.00,13.45,0.00,1.50,254.05,"wechat_video","wechat_video:3729691709137893376:Z858-黑色-L:0","e2cb3d18a65a5a79fc9b22802408e5b7fef287630d584046615eded7d04edb43"
2024.00,10.00,"3729691707352686336",0.00,0.00,"Z858-黑色-S","Z858-黑色-S",1.00,269.00,0.00,0.00,13.45,0.00,1.50,254.05,"wechat_video","wechat_video:3729691707352686336:Z858-黑色-S:0","b1bea0cafe6b04652e271e19fe54b689e48e7d60fb21d67393c7ca6af762f6d7"
2024.00,10.00,"3729691645016155648",0.00,0.00,"Z2183-黑色-L","Z2183-黑色-L",1.00,129.00,0.00,0.00,6.45,0.00,1.50,121.05,"wechat_video","wechat_video:3729691645016155648:Z2183-黑色-L:0","d8adcec1bdd87515048c90d2163007f6fe237090a464267c01048bb964af5af4"
2024.00,10.00,"3729672710346651136",0.00,0.00,"Z2291-紫色-M","Z2291-紫色-M",1.00,189.00,0.00,0.00,9.45,0.00,1.50,178.05,"wechat_video","wechat_video:3729672710346651136:Z2291-紫色-M:0","ff0e9c90b7a98857640df7e6ced999297e68a03eca611d146d801bc4bce48800"
2024.00,10.00,"3729664490453218560",0.00,0.00,"P105-银色","P105-银色",1.00,199.00,0.00,0.00,1.99,0.00,1.98,195.03,"wechat_video","wechat_video:3729664490453218560:P105-银色:0","8bf55d58979c596a9aed01d9b65953b603a3bc9cc5eb0ced8cca29be0e074c48"
2024.00,10.00,"3729653286825244416",0.00,0.00,"Z2183-黑色-L","Z2183-黑色-L",1.00,129.00,0.00,0.00,6.45,0.00,1.50,121.05,"wechat_video","wechat_video:3729653286825244416:Z2183-黑色-L:0","09d9b4d7885328c3cf5d3bf8e14e1f2c312f96351918dff18bc552501ddaa494"
2024.00,10.00,"3729652941304246528",0.00,0.00,"Z2183-黑色-M","Z2183-黑色-M",1.00,129.00,0.00,0.00,6.45,0.00,1.50,121.05,"wechat_video","wechat_video:3729652941304246528:Z2183-黑色-M:0","fd90318a36d8546460f0552776efbc21984fa4a5c57139623b37c82a5af493cc"
2024.00,10.00,"3729652916360197888",0.00,0.00,"Z2183-米白色-M","Z2183-米白色-M",1.00,129.00,0.00,0.00,6.45,0.00,1.50,121.05,"wechat_video","wechat_video:3729652916360197888:Z2183-米白色-M:0","e628e262073649d997230af64135c7a95824aae168153d4d21aac9e0c20ded0e"
2024.00,10.00,"3729652185272296960",0.00,0.00,"Z2183-黑色-M","Z2183-黑色-M",1.00,129.00,0.00,0.00,6.45,0.00,1.50,121.05,"wechat_video","wechat_video:3729652185272296960:Z2183-黑色-M:0","96ddf61ee71d181b9dee67a61fccb105356fe38d570234fe0e83d485b0c7f0c5"
2024.00,10.00,"3729652177334836224",0.00,0.00,"Z2183-黑色-M","Z2183-黑色-M",1.00,129.00,0.00,0.00,6.45,0.00,1.50,121.05,"wechat_video","wechat_video:3729652177334836224:Z2183-黑色-M:0","3aecb8b56847d609b9f21ef730b634c79ebe6dfee20005253cfed4ddfd609049"
2024.00,10.00,"3729651751414275840",0.00,0.00,"Z2183-黑色-M","Z2183-黑色-M",1.00,129.00,0.00,0.00,6.45,0.00,1.50,121.05,"wechat_video","wechat_video:3729651751414275840:Z2183-黑色-M:0","271b30836a272fcd1ed6cc17743858e160a9060e5e3dd611e7d24028781dc6c7"
2024.00,10.00,"3729650748287760128",0.00,0.00,"Z2183-米白色-M","Z2183-米白色-M",1.00,129.00,0.00,0.00,6.45,0.00,0.00,122.55,"wechat_video","wechat_video:3729650748287760128:Z2183-米白色-M:0","37a14e17965fd37cf2e0eaf4d3b9a5b5e0f4ec12d91dda53f3ebfacce66b9f53"
2024.00,10.00,"3729649988081685504",0.00,0.00,"Z2183-米白色-XL","Z2183-米白色-XL",1.00,129.00,0.00,0.00,6.45,0.00,1.50,121.05,"wechat_video","wechat_video:3729649988081685504:Z2183-米白色-XL:0","49b8939c6492725421f5fc7a9ffa7af4b4d794cf9b8e44842b39415ef93c0a63"
2024.00,10.00,"3729648941385784832",0.00,0.00,"Z2183-黑色-M","Z2183-黑色-M",1.00,129.00,0.00,0.00,6.45,0.00,1.50,121.05,"wechat_video","wechat_video:3729648941385784832:Z2183-黑色-M:0","c6ea23425ad6e375d0bc9f6ce0113142990df035091f78c6ad354bf37a95f284"
2024.00,10.00,"3729648631274681856",0.00,0.00,"Z2183-米白色-L","Z2183-米白色-L",1.00,129.00,0.00,0.00,6.45,0.00,1.50,121.05,"wechat_video","wechat_video:3729648631274681856:Z2183-米白色-L:0","f43ed47927b1817bc4f4bdd38ce5ea0769e2a40fae607cb1d56794cfc5cba75e"
2024.00,10.00,"3729648547897419264",0.00,0.00,"Z2183-黑色-L","Z2183-黑色-L",1.00,129.00,0.00,0.00,6.45,0.00,1.50,121.05,"wechat_video","wechat_video:3729648547897419264:Z2183-黑色-L:0","262791d11da2f0d45b55be95487b2c8e6303e67feba66fd3fd2e4d1d2e77235a"
2024.00,10.00,"3729648489842488064",0.00,0.00,"Z2183-黑色-XL","Z2183-黑色-XL",1.00,129.00,0.00,0.00,6.45,0.00,1.50,121.05,"wechat_video","wechat_video:3729648489842488064:Z2183-黑色-XL:0","c3d4082fc2b0b85fdad06e994bea1c7522cf7f24743c606348f6d536e09d6fbb"
2024.00,10.00,"3729648485923169792",0.00,0.00,"Z2183-米白色-XL","Z2183-米白色-XL",1.00,129.00,0.00,0.00,6.45,0.00,1.50,121.05,"wechat_video","wechat_video:3729648485923169792:Z2183-米白色-XL:0","df8329b0c15c132d46ef765a5b7019e4cef5826f6dfa9c087aa42a467eb2284a"
2024.00,10.00,"3729648475627199488",0.00,0.00,"Z2183-黑色-M","Z2183-黑色-M",1.00,129.00,0.00,0.00,6.45,0.00,1.50,121.05,"wechat_video","wechat_video:3729648475627199488:Z2183-黑色-M:0","e4ca19de595730304a92a185386ffb4accfe24a31786f891c48b75bbc99e6acf"
2024.00,10.00,"3729648467964475136",0.00,0.00,"Z2183-米白色-M","Z2183-米白色-M",1.00,129.00,0.00,0.00,6.45,0.00,1.50,121.05,"wechat_video","wechat_video:3729648467964475136:Z2183-米白色-M:0","6d9eab6a910f4defd95c875c95d4d84ed35d9ad434bf06b4f04b284603a052d6"
2024.00,10.00,"3729648372632139776",0.00,0.00,"Z2183-黑色-L","Z2183-黑色-L",1.00,129.00,0.00,0.00,6.45,0.00,1.50,121.05,"wechat_video","wechat_video:3729648372632139776:Z2183-黑色-L:0","2cbc94c3c486583f4503f4c408b669866f5a8c3b64cac27d6a709f5b2967d6d0"
2024.00,10.00,"3729648148605973504",0.00,0.00,"Z2183-黑色-L","Z2183-黑色-L",1.00,129.00,0.00,0.00,6.45,0.00,1.50,121.05,"wechat_video","wechat_video:3729648148605973504:Z2183-黑色-L:0","289c65adf68298be4f46bcac983c4489f5092fc61f3af9d1fb1a4ba7e0fa68a2"
2024.00,10.00,"3729648124879844352",0.00,0.00,"Z2183-米白色-L","Z2183-米白色-L",1.00,129.00,0.00,0.00,6.45,0.00,1.50,121.05,"wechat_video","wechat_video:3729648124879844352:Z2183-米白色-L:0","9b3c2cab7db19f9223ce22d66ba5a219116dc8ffe5b6ac1b477a36d58ae54fde"
2024.00,10.00,"3729648086901993728",0.00,0.00,"Z2183-黑色-M","Z2183-黑色-M",1.00,129.00,0.00,0.00,6.45,0.00,0.00,122.55,"wechat_video","wechat_video:3729648086901993728:Z2183-黑色-M:0","ecbdc7dbb67ebf286957336f898d981c28686cea09033a83709f8cb5d4a5dd9b"
2024.00,10.00,"3729648050896516608",0.00,0.00,"Z2183-米白色-L","Z2183-米白色-L",1.00,129.00,0.00,0.00,6.45,0.00,1.50,121.05,"wechat_video","wechat_video:3729648050896516608:Z2183-米白色-L:0","915fa65255b637ae388b7ab2077d0a6c87d4b3ca7b41d1c06aaab37a5560cfc8"
2024.00,10.00,"3729648042884866560",0.00,0.00,"Z2183-黑色-L","Z2183-黑色-L",1.00,129.00,0.00,0.00,6.45,0.00,1.50,121.05,"wechat_video","wechat_video:3729648042884866560:Z2183-黑色-L:0","eefb669eb22925aeef1c7bd77d85ca65a385f7877a2e4f050c10c885049986c9"
2024.00,10.00,"3729648020890726400",0.00,0.00,"Z2183-黑色-M","Z2183-黑色-M",1.00,129.00,0.00,0.00,6.45,0.00,1.50,121.05,"wechat_video","wechat_video:3729648020890726400:Z2183-黑色-M:0","9c818ed862bb1c7157a9022dd26cfa18e443e0026d1e58968cad266c669d38c8"
2024.00,10.00,"3729648013355654656",0.00,0.00,"Z2183-黑色-L","Z2183-黑色-L",1.00,129.00,0.00,0.00,6.45,0.00,1.50,121.05,"wechat_video","wechat_video:3729648013355654656:Z2183-黑色-L:0","fa3fbec3bdaa4d58fb92fb15c54277eca48444df2c8129d935fa6bf3a39df438"
2024.00,10.00,"3729648007877106944",0.00,0.00,"Z2183-黑色-L","Z2183-黑色-L",1.00,129.00,0.00,0.00,6.45,0.00,1.50,121.05,"wechat_video","wechat_video:3729648007877106944:Z2183-黑色-L:0","12ab86fcbf75b4a664c8803c8f58e02bb4e23d9d292f05fbac55080f853c2d9e"
2024.00,10.00,"3729647936437630464",0.00,0.00,"Z2183-黑色-XL","Z2183-黑色-XL",1.00,129.00,0.00,0.00,6.45,0.00,1.50,121.05,"wechat_video","wechat_video:3729647936437630464:Z2183-黑色-XL:0","3a50b967ac858adf2c1f9ec166b5f45876bcabdbf05edeff3d0f2ef215a1bb6f"
2024.00,10.00,"3729647882995381504",0.00,0.00,"Z2183-黑色-L","Z2183-黑色-L",1.00,129.00,0.00,0.00,6.45,0.00,1.50,121.05,"wechat_video","wechat_video:3729647882995381504:Z2183-黑色-L:0","0844b0fadcade69e32af13d0cfe8f201af69346b66c41e87d5aa44204dd305e0"
2024.00,10.00,"3729647843413729536",0.00,0.00,"Z2183-黑色-XL","Z2183-黑色-XL",1.00,129.00,0.00,0.00,6.45,0.00,1.50,121.05,"wechat_video","wechat_video:3729647843413729536:Z2183-黑色-XL:0","7500a139b43afce99c0ab69e83df4bbf3b04d9494acf51a5bfdad3e796082075"
2024.00,10.00,"3729608136654988032",0.00,0.00,"Z2265-紫色-L","Z2265-紫色-L",1.00,119.00,0.00,0.00,5.95,0.00,1.50,111.55,"wechat_video","wechat_video:3729608136654988032:Z2265-紫色-L:0","0a2294462a17a8ec5456cdb29b6192cdc0a895466d3c34e3038243b2fe13377a"
2024.00,10.00,"3729607083605768192",0.00,0.00,"Z2265-紫色-M","Z2265-紫色-M",1.00,119.00,0.00,0.00,5.95,0.00,1.50,111.55,"wechat_video","wechat_video:3729607083605768192:Z2265-紫色-M:0","ce0df1c8c24d08452ef4b3b55b2f9f537e5c4b7311ce5d9b40a4f15a5a7316c7"
2024.00,10.00,"3729606756991900672",0.00,0.00,"Z2265-紫色-XL","Z2265-紫色-XL",1.00,119.00,0.00,0.00,5.95,0.00,1.50,111.55,"wechat_video","wechat_video:3729606756991900672:Z2265-紫色-XL:0","2bc37de0d40309ec9c6c6b25c88f8f65a2d41268cdaa2ec1e09d7f0c7ef5d835"
2024.00,10.00,"3729604074592410880",0.00,0.00,"Z2265-紫色-L","Z2265-紫色-L",1.00,119.00,0.00,0.00,5.95,0.00,1.50,111.55,"wechat_video","wechat_video:3729604074592410880:Z2265-紫色-L:0","d47038f82e6c3172744e9c675035776e2427a6565c2d7cae681f8b52668b3697"
2024.00,10.00,"3729604045462445568",0.00,0.00,"Z2265-紫色-XL","Z2265-紫色-XL",1.00,119.00,0.00,0.00,5.95,0.00,1.50,111.55,"wechat_video","wechat_video:3729604045462445568:Z2265-紫色-XL:0","29f26c66eb11dd69735f896b360bd80747294d98547c28980f117d93a628f64a"
2024.00,10.00,"3729604045741892096",0.00,0.00,"Z2265-紫色-M","Z2265-紫色-M",1.00,119.00,0.00,0.00,5.95,0.00,1.50,111.55,"wechat_video","wechat_video:3729604045741892096:Z2265-紫色-M:0","e04951c3174cbf7dd7c5fdc06f15fc322d0d55377aa86522f219ebe2bc9bac0f"
2024.00,10.00,"3729604044008338432",0.00,0.00,"Z2265-紫色-L","Z2265-紫色-L",1.00,119.00,0.00,0.00,5.95,0.00,1.50,111.55,"wechat_video","wechat_video:3729604044008338432:Z2265-紫色-L:0","6d255e1b1e46753221cb81ad8d27a4b51208d47180c5e1069e2948c72af53d4d"
2024.00,10.00,"3729602905717744384",0.00,0.00,"P121-黑色-AC001","P121-黑色-AC001",1.00,229.00,0.00,0.00,11.45,0.00,1.98,215.57,"wechat_video","wechat_video:3729602905717744384:P121-黑色-AC001:0","a48bfdfeee1760a91936b24f15e98ea6191261da29afbc73a0449958e4ce7f91"
2024.00,10.00,"3729601867248972544",0.00,0.00,"P121-黑色-AC001","P121-黑色-AC001",1.00,229.00,0.00,0.00,11.45,0.00,1.98,215.57,"wechat_video","wechat_video:3729601867248972544:P121-黑色-AC001:0","283c3e3817de814ba881829596e795ce391fd0d50fad8b2cceec5d7d6a746f63"
2024.00,10.00,"3729601854727136000",0.00,0.00,"P121-黑色-AC001","P121-黑色-AC001",1.00,229.00,0.00,0.00,11.45,0.00,1.98,215.57,"wechat_video","wechat_video:3729601854727136000:P121-黑色-AC001:0","8abeb0bc38d3a35cc50d926567d0e05d841702e8d9d601480ce32f9a114495c6"
2024.00,10.00,"3729601850834031616",0.00,0.00,"P121-黑色-AC001","P121-黑色-AC001",1.00,229.00,0.00,0.00,11.45,0.00,1.98,215.57,"wechat_video","wechat_video:3729601850834031616:P121-黑色-AC001:0","cbb42f062e43d16182d10029bd843d6e9d65186dde64d18be025b390515f8363"
2024.00,10.00,"3729601851007316224",0.00,0.00,"P121-黑色-AC001","P121-黑色-AC001",1.00,229.00,0.00,0.00,11.45,0.00,1.98,215.57,"wechat_video","wechat_video:3729601851007316224:P121-黑色-AC001:0","70a0db1845f8f18af602be727bc279510fc51719f12159c39a7f09621dee6097"
2024.00,10.00,"3729601837708226816",0.00,0.00,"P121-黑色-AC001","P121-黑色-AC001",1.00,229.00,0.00,0.00,11.45,0.00,1.98,215.57,"wechat_video","wechat_video:3729601837708226816:P121-黑色-AC001:0","8cd385c44b72f7df498c411e3a179f56c6c1efe2c3813912980efe5c94cd9bee"
2024.00,10.00,"3729601833074571264",0.00,0.00,"P121-黑色-AC001","P121-黑色-AC001",1.00,229.00,0.00,0.00,11.45,0.00,1.98,215.57,"wechat_video","wechat_video:3729601833074571264:P121-黑色-AC001:0","73ef173851091de1e4ded5eecee9c85f51ed384c92ab157656483dab6155c6a3"
2024.00,10.00,"3729601831613373952",0.00,0.00,"P121-黑色-AC001","P121-黑色-AC001",1.00,229.00,0.00,0.00,11.45,0.00,1.98,215.57,"wechat_video","wechat_video:3729601831613373952:P121-黑色-AC001:0","e94e90be057193ec8929d60bfeb4326523c11c89e87f2a85ab150bd646c051c8"
2024.00,10.00,"3729601831048978689",0.00,0.00,"P121-黑色-AC001","P121-黑色-AC001",1.00,229.00,0.00,0.00,11.45,0.00,1.98,215.57,"wechat_video","wechat_video:3729601831048978689:P121-黑色-AC001:0","7f5490e50a9136d9f13b7c5f357c98cb66906270c827c7f07046e0d13d9e954f"
2024.00,10.00,"3729601535239661056",0.00,0.00,"Z2256-粉色-M","Z2256-粉色-M",1.00,299.00,0.00,0.00,2.99,0.00,1.50,294.51,"wechat_video","wechat_video:3729601535239661056:Z2256-粉色-M:0","21d0302f09c0cef6e08eb3022e7a4094fbbf50bdaafe21841226e35dcd479244"
2024.00,10.00,"3729601413498681344",0.00,0.00,"Z2291-紫色-M","Z2291-紫色-M",1.00,189.00,0.00,0.00,9.45,0.00,1.50,178.05,"wechat_video","wechat_video:3729601413498681344:Z2291-紫色-M:0","7e8ceafff0b735345199b0a88752421ec82d9be421b03bee109905fc92b02c38"
2024.00,10.00,"3729601410545627136",0.00,0.00,"Z2291-紫色-S","Z2291-紫色-S",1.00,189.00,0.00,0.00,9.45,0.00,1.50,178.05,"wechat_video","wechat_video:3729601410545627136:Z2291-紫色-S:0","6eddb3fdab337c394420e9cca6b83cf617d512b1957fa37ff81d80e64bf2e597"
2024.00,10.00,"3729601405762549760",0.00,0.00,"Z2291-紫色-M","Z2291-紫色-M",1.00,189.00,0.00,0.00,9.45,0.00,1.50,178.05,"wechat_video","wechat_video:3729601405762549760:Z2291-紫色-M:0","e6ceaf102f3097dc46f2e9ba7bf3638794b14bf04cc25dcdfb8f567502c105a8"
2024.00,10.00,"3729601400074017792",0.00,0.00,"Z2291-紫色-M","Z2291-紫色-M",1.00,189.00,0.00,0.00,9.45,0.00,1.50,178.05,"wechat_video","wechat_video:3729601400074017792:Z2291-紫色-M:0","28cda462f0ff1f346bc340efa1bb0678face2cd5d272a15fd99245ae51ffa996"
2024.00,10.00,"3729601399657740032",0.00,0.00,"Z2291-紫色-S","Z2291-紫色-S",1.00,189.00,0.00,0.00,9.45,0.00,1.50,178.05,"wechat_video","wechat_video:3729601399657740032:Z2291-紫色-S:0","d81bd15fba0abaf22b877f821943031847b134ad07c0327a736ddd2318324727"
2024.00,10.00,"3729601399191384832",0.00,0.00,"Z2291-紫色-M","Z2291-紫色-M",1.00,189.00,0.00,0.00,9.45,0.00,1.50,178.05,"wechat_video","wechat_video:3729601399191384832:Z2291-紫色-M:0","39c763ee0164dc94b93a19cb1ea3c0deb67f971dac4c350d016252883fb63979"
2024.00,10.00,"3729601397301583616",0.00,0.00,"Z2291-紫色-L","Z2291-紫色-L",1.00,189.00,0.00,0.00,9.45,0.00,1.50,178.05,"wechat_video","wechat_video:3729601397301583616:Z2291-紫色-L:0","a3b2b54e5172fbb70f934d8e0c80ba82e37f114bc0e9b9b82e6a9e5db7e0028a"
2024.00,10.00,"3729601396270046720",0.00,0.00,"Z2291-紫色-L","Z2291-紫色-L",1.00,189.00,0.00,0.00,9.45,0.00,1.50,178.05,"wechat_video","wechat_video:3729601396270046720:Z2291-紫色-L:0","56ad38f48db28726b9499e54d76592af75965d823bb644ab2d9c71d8839d5ff6"